<?xml version="1.0" standalone="yes"?>
<TBLLabelDTL>
<PageList><ID>1</ID><LabelMstID>ACM_USER_ROLE</LabelMstID><FieldName>TENANT_ID</FieldName><LabelID>lblTENANT_ID1s</LabelID><LabelName>Tenant ID</LabelName><LangID>1</LangID><COUNTRYID>8</COUNTRYID><LANGDISP>en-US</LANGDISP><Active>TRUE</Active></PageList> 
<PageList><ID>2</ID><LabelMstID>ACM_USER_ROLE</LabelMstID><FieldName>TENANT_ID</FieldName><LabelID>lblTENANT_ID1s</LabelID><LabelName>ID du locataire</LabelName><LangID>3</LangID><COUNTRYID>8</COUNTRYID><LANGDISP>fr-FR</LANGDISP><Active>TRUE</Active></PageList> 
<PageList><ID>3</ID><LabelMstID>ACM_USER_ROLE</LabelMstID><FieldName>TENANT_ID</FieldName><LabelID>lblTENANT_ID2h</LabelID><LabelName>معرف المستأجر</LabelName><LangID>2</LangID><COUNTRYID>8</COUNTRYID><LANGDISP>ar-KW</LANGDISP><Active>TRUE</Active></PageList> 
<PageList><ID>4</ID><LabelMstID>ACM_USER_ROLE</LabelMstID><FieldName>USER_ROLE_ID</FieldName><LabelID>lblUSER_ROLE_ID1s</LabelID><LabelName>User Role ID</LabelName><LangID>1</LangID><COUNTRYID>8</COUNTRYID><LANGDISP>en-US</LANGDISP><Active>TRUE</Active></PageList> 
<PageList><ID>5</ID><LabelMstID>ACM_USER_ROLE</LabelMstID><FieldName>USER_ROLE_ID</FieldName><LabelID>lblUSER_ROLE_ID1s</LabelID><LabelName>NOM de rôle d'utilisateur</LabelName><LangID>3</LangID><COUNTRYID>8</COUNTRYID><LANGDISP>fr-FR</LANGDISP><Active>TRUE</Active></PageList> 
<PageList><ID>6</ID><LabelMstID>ACM_USER_ROLE</LabelMstID><FieldName>USER_ROLE_ID</FieldName><LabelID>lblUSER_ROLE_ID2h</LabelID><LabelName>معرف دور المستخدم</LabelName><LangID>2</LangID><COUNTRYID>8</COUNTRYID><LANGDISP>ar-KW</LANGDISP><Active>TRUE</Active></PageList> 
<PageList><ID>7</ID><LabelMstID>ACM_USER_ROLE</LabelMstID><FieldName>PRIVILEGE_ID</FieldName><LabelID>lblPRIVILEGE_ID1s</LabelID><LabelName>Privilege  ID</LabelName><LangID>1</LangID><COUNTRYID>8</COUNTRYID><LANGDISP>en-US</LANGDISP><Active>TRUE</Active></PageList> 
<PageList><ID>8</ID><LabelMstID>ACM_USER_ROLE</LabelMstID><FieldName>PRIVILEGE_ID</FieldName><LabelID>lblPRIVILEGE_ID1s</LabelID><LabelName>ID de privilège</LabelName><LangID>3</LangID><COUNTRYID>8</COUNTRYID><LANGDISP>fr-FR</LANGDISP><Active>TRUE</Active></PageList> 
<PageList><ID>9</ID><LabelMstID>ACM_USER_ROLE</LabelMstID><FieldName>PRIVILEGE_ID</FieldName><LabelID>lblPRIVILEGE_ID2h</LabelID><LabelName>معرف امتياز</LabelName><LangID>2</LangID><COUNTRYID>8</COUNTRYID><LANGDISP>ar-KW</LANGDISP><Active>TRUE</Active></PageList> 
<PageList><ID>10</ID><LabelMstID>ACM_USER_ROLE</LabelMstID><FieldName>USER_ID</FieldName><LabelID>lblUSER_ID1s</LabelID><LabelName>User  ID</LabelName><LangID>1</LangID><COUNTRYID>8</COUNTRYID><LANGDISP>en-US</LANGDISP><Active>TRUE</Active></PageList> 
<PageList><ID>11</ID><LabelMstID>ACM_USER_ROLE</LabelMstID><FieldName>USER_ID</FieldName><LabelID>lblUSER_ID1s</LabelID><LabelName>ID de l'utilisateur</LabelName><LangID>3</LangID><COUNTRYID>8</COUNTRYID><LANGDISP>fr-FR</LANGDISP><Active>TRUE</Active></PageList> 
<PageList><ID>12</ID><LabelMstID>ACM_USER_ROLE</LabelMstID><FieldName>USER_ID</FieldName><LabelID>lblUSER_ID2h</LabelID><LabelName>معرف المستخدم</LabelName><LangID>2</LangID><COUNTRYID>8</COUNTRYID><LANGDISP>ar-KW</LANGDISP><Active>TRUE</Active></PageList> 
<PageList><ID>13</ID><LabelMstID>ACM_USER_ROLE</LabelMstID><FieldName>ROLE_ID</FieldName><LabelID>lblROLE_ID1s</LabelID><LabelName>Role ID</LabelName><LangID>1</LangID><COUNTRYID>8</COUNTRYID><LANGDISP>en-US</LANGDISP><Active>TRUE</Active></PageList> 
<PageList><ID>14</ID><LabelMstID>ACM_USER_ROLE</LabelMstID><FieldName>ROLE_ID</FieldName><LabelID>lblROLE_ID1s</LabelID><LabelName>ID du rôle</LabelName><LangID>3</LangID><COUNTRYID>8</COUNTRYID><LANGDISP>fr-FR</LANGDISP><Active>TRUE</Active></PageList> 
<PageList><ID>15</ID><LabelMstID>ACM_USER_ROLE</LabelMstID><FieldName>ROLE_ID</FieldName><LabelID>lblROLE_ID2h</LabelID><LabelName>معرف دور</LabelName><LangID>2</LangID><COUNTRYID>8</COUNTRYID><LANGDISP>ar-KW</LANGDISP><Active>TRUE</Active></PageList> 
<PageList><ID>16</ID><LabelMstID>ACM_USER_ROLE</LabelMstID><FieldName>ACTIVE_FLAG</FieldName><LabelID>lblACTIVE_FLAG1s</LabelID><LabelName>Active Flag</LabelName><LangID>1</LangID><COUNTRYID>8</COUNTRYID><LANGDISP>en-US</LANGDISP><Active>TRUE</Active></PageList> 
<PageList><ID>17</ID><LabelMstID>ACM_USER_ROLE</LabelMstID><FieldName>ACTIVE_FLAG</FieldName><LabelID>lblACTIVE_FLAG1s</LabelID><LabelName>Actif indicateur</LabelName><LangID>3</LangID><COUNTRYID>8</COUNTRYID><LANGDISP>fr-FR</LANGDISP><Active>TRUE</Active></PageList> 
<PageList><ID>18</ID><LabelMstID>ACM_USER_ROLE</LabelMstID><FieldName>ACTIVE_FLAG</FieldName><LabelID>lblACTIVE_FLAG2h</LabelID><LabelName>العلم نشط</LabelName><LangID>2</LangID><COUNTRYID>8</COUNTRYID><LANGDISP>ar-KW</LANGDISP><Active>TRUE</Active></PageList> 
<PageList><ID>19</ID><LabelMstID>ACM_USER_ROLE</LabelMstID><FieldName>ACTIVE_FROM_DT</FieldName><LabelID>lblACTIVE_FROM_DT1s</LabelID><LabelName>Active From DT</LabelName><LangID>1</LangID><COUNTRYID>8</COUNTRYID><LANGDISP>en-US</LANGDISP><Active>TRUE</Active></PageList> 
<PageList><ID>20</ID><LabelMstID>ACM_USER_ROLE</LabelMstID><FieldName>ACTIVE_FROM_DT</FieldName><LabelID>lblACTIVE_FROM_DT1s</LabelID><LabelName>Actif de DT</LabelName><LangID>3</LangID><COUNTRYID>8</COUNTRYID><LANGDISP>fr-FR</LANGDISP><Active>TRUE</Active></PageList> 
<PageList><ID>21</ID><LabelMstID>ACM_USER_ROLE</LabelMstID><FieldName>ACTIVE_FROM_DT</FieldName><LabelID>lblACTIVE_FROM_DT2h</LabelID><LabelName>نشط من DT</LabelName><LangID>2</LangID><COUNTRYID>8</COUNTRYID><LANGDISP>ar-KW</LANGDISP><Active>TRUE</Active></PageList> 
<PageList><ID>22</ID><LabelMstID>ACM_USER_ROLE</LabelMstID><FieldName>ACTIVE_TO_DT</FieldName><LabelID>lblACTIVE_TO_DT1s</LabelID><LabelName>Active To DT</LabelName><LangID>1</LangID><COUNTRYID>8</COUNTRYID><LANGDISP>en-US</LANGDISP><Active>TRUE</Active></PageList> 
<PageList><ID>23</ID><LabelMstID>ACM_USER_ROLE</LabelMstID><FieldName>ACTIVE_TO_DT</FieldName><LabelID>lblACTIVE_TO_DT1s</LabelID><LabelName>Actif à DT</LabelName><LangID>3</LangID><COUNTRYID>8</COUNTRYID><LANGDISP>fr-FR</LANGDISP><Active>TRUE</Active></PageList> 
<PageList><ID>24</ID><LabelMstID>ACM_USER_ROLE</LabelMstID><FieldName>ACTIVE_TO_DT</FieldName><LabelID>lblACTIVE_TO_DT2h</LabelID><LabelName>نشط ل DT</LabelName><LangID>2</LangID><COUNTRYID>8</COUNTRYID><LANGDISP>ar-KW</LANGDISP><Active>TRUE</Active></PageList> 
<PageList><ID>25</ID><LabelMstID>ACM_USER_ROLE</LabelMstID><FieldName>CRUP_ID</FieldName><LabelID>lblCRUP_ID1s</LabelID><LabelName>Crup  ID</LabelName><LangID>1</LangID><COUNTRYID>8</COUNTRYID><LANGDISP>en-US</LANGDISP><Active>TRUE</Active></PageList> 
<PageList><ID>26</ID><LabelMstID>ACM_USER_ROLE</LabelMstID><FieldName>CRUP_ID</FieldName><LabelID>lblCRUP_ID1s</LabelID><LabelName>Crup ID</LabelName><LangID>3</LangID><COUNTRYID>8</COUNTRYID><LANGDISP>fr-FR</LANGDISP><Active>TRUE</Active></PageList> 
<PageList><ID>27</ID><LabelMstID>ACM_USER_ROLE</LabelMstID><FieldName>CRUP_ID</FieldName><LabelID>lblCRUP_ID2h</LabelID><LabelName>معرف Crup</LabelName><LangID>2</LangID><COUNTRYID>8</COUNTRYID><LANGDISP>ar-KW</LANGDISP><Active>TRUE</Active></PageList> 
<PageList><ID>28</ID><LabelMstID>ACM_USER_ROLE</LabelMstID><FieldName>NULL</FieldName><LabelID>lblHeader1s</LabelID><LabelName>USER_ROLE</LabelName><LangID>1</LangID><COUNTRYID>8</COUNTRYID><LANGDISP>en-US</LANGDISP><Active>TRUE</Active></PageList> 
<PageList><ID>29</ID><LabelMstID>ACM_USER_ROLE</LabelMstID><FieldName>NULL</FieldName><LabelID>lblHeader1s</LabelID><LabelName>USER_ROLE</LabelName><LangID>3</LangID><COUNTRYID>8</COUNTRYID><LANGDISP>fr-FR</LANGDISP><Active>TRUE</Active></PageList> 
<PageList><ID>30</ID><LabelMstID>ACM_USER_ROLE</LabelMstID><FieldName>NULL</FieldName><LabelID>lblHeader2h</LabelID><LabelName>USER_ROLE</LabelName><LangID>2</LangID><COUNTRYID>8</COUNTRYID><LANGDISP>ar-KW</LANGDISP><Active>TRUE</Active></PageList> 

</TBLLabelDTL>