<?xml version="1.0" standalone="yes"?>
<TBLLabelDTL>
  <PageList>
    <ID>1</ID>
    <LabelMstID>ACM_PRIVILAGE_MENU</LabelMstID>
    <FieldName>PRIVILEGE_MENU_ID</FieldName>
    <LabelID>lblPRIVILEGE_MENU_ID1s</LabelID>
    <LabelName>ACM_PRIVILAGE_MENU</LabelName>
    <LangID>1</LangID>
    <COUNTRYID>8</COUNTRYID>
    <LANGDISP>en-US</LANGDISP>
    <Active>TRUE</Active>
  </PageList>
  <PageList>
    <ID>2</ID>
    <LabelMstID>ACM_PRIVILAGE_MENU</LabelMstID>
    <FieldName>PRIVILEGE_MENU_ID</FieldName>
    <LabelID>lblPRIVILEGE_MENU_ID1s</LabelID>
    <LabelName>ID du Menu privilège</LabelName>
    <LangID>3</LangID>
    <COUNTRYID>8</COUNTRYID>
    <LANGDISP>fr-FR</LANGDISP>
    <Active>TRUE</Active>
  </PageList>
  <PageList>
    <ID>3</ID>
    <LabelMstID>ACM_PRIVILAGE_MENU</LabelMstID>
    <FieldName>PRIVILEGE_MENU_ID</FieldName>
    <LabelID>lblPRIVILEGE_MENU_ID2h</LabelID>
    <LabelName>معرف القائمة امتياز</LabelName>
    <LangID>2</LangID>
    <COUNTRYID>8</COUNTRYID>
    <LANGDISP>ar-KW</LANGDISP>
    <Active>TRUE</Active>
  </PageList>
  <PageList>
    <ID>4</ID>
    <LabelMstID>ACM_PRIVILAGE_MENU</LabelMstID>
    <FieldName>TENANT_ID</FieldName>
    <LabelID>lblTENANT_ID1s</LabelID>
    <LabelName>ACM_PRIVILAGE_MENU</LabelName>
    <LangID>1</LangID>
    <COUNTRYID>8</COUNTRYID>
    <LANGDISP>en-US</LANGDISP>
    <Active>TRUE</Active>
  </PageList>
  <PageList>
    <ID>5</ID>
    <LabelMstID>ACM_PRIVILAGE_MENU</LabelMstID>
    <FieldName>TENANT_ID</FieldName>
    <LabelID>lblTENANT_ID1s</LabelID>
    <LabelName>ID du locataire</LabelName>
    <LangID>3</LangID>
    <COUNTRYID>8</COUNTRYID>
    <LANGDISP>fr-FR</LANGDISP>
    <Active>TRUE</Active>
  </PageList>
  <PageList>
    <ID>6</ID>
    <LabelMstID>ACM_PRIVILAGE_MENU</LabelMstID>
    <FieldName>TENANT_ID</FieldName>
    <LabelID>lblTENANT_ID2h</LabelID>
    <LabelName>معرف المستأجر</LabelName>
    <LangID>2</LangID>
    <COUNTRYID>8</COUNTRYID>
    <LANGDISP>ar-KW</LANGDISP>
    <Active>TRUE</Active>
  </PageList>
  <PageList>
    <ID>7</ID>
    <LabelMstID>ACM_PRIVILAGE_MENU</LabelMstID>
    <FieldName>PRIVILEGE_ID</FieldName>
    <LabelID>lblPRIVILEGE_ID1s</LabelID>
    <LabelName>Privilege  ID</LabelName>
    <LangID>1</LangID>
    <COUNTRYID>8</COUNTRYID>
    <LANGDISP>en-US</LANGDISP>
    <Active>TRUE</Active>
  </PageList>
  <PageList>
    <ID>8</ID>
    <LabelMstID>ACM_PRIVILAGE_MENU</LabelMstID>
    <FieldName>PRIVILEGE_ID</FieldName>
    <LabelID>lblPRIVILEGE_ID1s</LabelID>
    <LabelName>ID de privilège</LabelName>
    <LangID>3</LangID>
    <COUNTRYID>8</COUNTRYID>
    <LANGDISP>fr-FR</LANGDISP>
    <Active>TRUE</Active>
  </PageList>
  <PageList>
    <ID>9</ID>
    <LabelMstID>ACM_PRIVILAGE_MENU</LabelMstID>
    <FieldName>PRIVILEGE_ID</FieldName>
    <LabelID>lblPRIVILEGE_ID2h</LabelID>
    <LabelName>معرف امتياز</LabelName>
    <LangID>2</LangID>
    <COUNTRYID>8</COUNTRYID>
    <LANGDISP>ar-KW</LANGDISP>
    <Active>TRUE</Active>
  </PageList>
  <PageList>
    <ID>10</ID>
    <LabelMstID>ACM_PRIVILAGE_MENU</LabelMstID>
    <FieldName>PRIVILAGEFOR</FieldName>
    <LabelID>lblPRIVILAGEFOR1s</LabelID>
    <LabelName>Privilage For:</LabelName>
    <LangID>1</LangID>
    <COUNTRYID>8</COUNTRYID>
    <LANGDISP>en-US</LANGDISP>
    <Active>TRUE</Active>
  </PageList>
  <PageList>
    <ID>11</ID>
    <LabelMstID>ACM_PRIVILAGE_MENU</LabelMstID>
    <FieldName>PRIVILAGEFOR</FieldName>
    <LabelID>lblPRIVILAGEFOR1s</LabelID>
    <LabelName>Annie pour</LabelName>
    <LangID>3</LangID>
    <COUNTRYID>8</COUNTRYID>
    <LANGDISP>fr-FR</LANGDISP>
    <Active>TRUE</Active>
  </PageList>
  <PageList>
    <ID>12</ID>
    <LabelMstID>ACM_PRIVILAGE_MENU</LabelMstID>
    <FieldName>PRIVILAGEFOR</FieldName>
    <LabelID>lblPRIVILAGEFOR2h</LabelID>
    <LabelName>دعاة</LabelName>
    <LangID>2</LangID>
    <COUNTRYID>8</COUNTRYID>
    <LANGDISP>ar-KW</LANGDISP>
    <Active>TRUE</Active>
  </PageList>
  <PageList>
    <ID>13</ID>
    <LabelMstID>ACM_PRIVILAGE_MENU</LabelMstID>
    <FieldName>MENU_ID</FieldName>
    <LabelID>lblMENU_ID1s</LabelID>
    <LabelName>Menu  ID</LabelName>
    <LangID>1</LangID>
    <COUNTRYID>8</COUNTRYID>
    <LANGDISP>en-US</LANGDISP>
    <Active>TRUE</Active>
  </PageList>
  <PageList>
    <ID>14</ID>
    <LabelMstID>ACM_PRIVILAGE_MENU</LabelMstID>
    <FieldName>MENU_ID</FieldName>
    <LabelID>lblMENU_ID1s</LabelID>
    <LabelName>Menu ID</LabelName>
    <LangID>3</LangID>
    <COUNTRYID>8</COUNTRYID>
    <LANGDISP>fr-FR</LANGDISP>
    <Active>TRUE</Active>
  </PageList>
  <PageList>
    <ID>15</ID>
    <LabelMstID>ACM_PRIVILAGE_MENU</LabelMstID>
    <FieldName>MENU_ID</FieldName>
    <LabelID>lblMENU_ID2h</LabelID>
    <LabelName>معرف القائمة</LabelName>
    <LangID>2</LangID>
    <COUNTRYID>8</COUNTRYID>
    <LANGDISP>ar-KW</LANGDISP>
    <Active>TRUE</Active>
  </PageList>
  <PageList>
    <ID>16</ID>
    <LabelMstID>ACM_PRIVILAGE_MENU</LabelMstID>
    <FieldName>IS_VISIBLE</FieldName>
    <LabelID>lblIS_VISIBLE1s</LabelID>
    <LabelName>Is Visible</LabelName>
    <LangID>1</LangID>
    <COUNTRYID>8</COUNTRYID>
    <LANGDISP>en-US</LANGDISP>
    <Active>TRUE</Active>
  </PageList>
  <PageList>
    <ID>17</ID>
    <LabelMstID>ACM_PRIVILAGE_MENU</LabelMstID>
    <FieldName>IS_VISIBLE</FieldName>
    <LabelID>lblIS_VISIBLE1s</LabelID>
    <LabelName>Est Visible</LabelName>
    <LangID>3</LangID>
    <COUNTRYID>8</COUNTRYID>
    <LANGDISP>fr-FR</LANGDISP>
    <Active>TRUE</Active>
  </PageList>
  <PageList>
    <ID>18</ID>
    <LabelMstID>ACM_PRIVILAGE_MENU</LabelMstID>
    <FieldName>IS_VISIBLE</FieldName>
    <LabelID>lblIS_VISIBLE2h</LabelID>
    <LabelName>مرئية</LabelName>
    <LangID>2</LangID>
    <COUNTRYID>8</COUNTRYID>
    <LANGDISP>ar-KW</LANGDISP>
    <Active>TRUE</Active>
  </PageList>
  <PageList>
    <ID>19</ID>
    <LabelMstID>ACM_PRIVILAGE_MENU</LabelMstID>
    <FieldName>IS_ENABLE</FieldName>
    <LabelID>lblIS_ENABLE1s</LabelID>
    <LabelName>Is Enable</LabelName>
    <LangID>1</LangID>
    <COUNTRYID>8</COUNTRYID>
    <LANGDISP>en-US</LANGDISP>
    <Active>TRUE</Active>
  </PageList>
  <PageList>
    <ID>20</ID>
    <LabelMstID>ACM_PRIVILAGE_MENU</LabelMstID>
    <FieldName>IS_ENABLE</FieldName>
    <LabelID>lblIS_ENABLE1s</LabelID>
    <LabelName>Est de permettre</LabelName>
    <LangID>3</LangID>
    <COUNTRYID>8</COUNTRYID>
    <LANGDISP>fr-FR</LANGDISP>
    <Active>TRUE</Active>
  </PageList>
  <PageList>
    <ID>21</ID>
    <LabelMstID>ACM_PRIVILAGE_MENU</LabelMstID>
    <FieldName>IS_ENABLE</FieldName>
    <LabelID>lblIS_ENABLE2h</LabelID>
    <LabelName>يتم تمكين</LabelName>
    <LangID>2</LangID>
    <COUNTRYID>8</COUNTRYID>
    <LANGDISP>ar-KW</LANGDISP>
    <Active>TRUE</Active>
  </PageList>
  <PageList>
    <ID>22</ID>
    <LabelMstID>ACM_PRIVILAGE_MENU</LabelMstID>
    <FieldName>ACTIVE_FLAG</FieldName>
    <LabelID>lblACTIVE_FLAG1s</LabelID>
    <LabelName>Active Flag</LabelName>
    <LangID>1</LangID>
    <COUNTRYID>8</COUNTRYID>
    <LANGDISP>en-US</LANGDISP>
    <Active>TRUE</Active>
  </PageList>
  <PageList>
    <ID>23</ID>
    <LabelMstID>ACM_PRIVILAGE_MENU</LabelMstID>
    <FieldName>ACTIVE_FLAG</FieldName>
    <LabelID>lblACTIVE_FLAG1s</LabelID>
    <LabelName>Actif indicateur</LabelName>
    <LangID>3</LangID>
    <COUNTRYID>8</COUNTRYID>
    <LANGDISP>fr-FR</LANGDISP>
    <Active>TRUE</Active>
  </PageList>
  <PageList>
    <ID>24</ID>
    <LabelMstID>ACM_PRIVILAGE_MENU</LabelMstID>
    <FieldName>ACTIVE_FLAG</FieldName>
    <LabelID>lblACTIVE_FLAG2h</LabelID>
    <LabelName>العلم نشط</LabelName>
    <LangID>2</LangID>
    <COUNTRYID>8</COUNTRYID>
    <LANGDISP>ar-KW</LANGDISP>
    <Active>TRUE</Active>
  </PageList>
  <PageList>
    <ID>25</ID>
    <LabelMstID>ACM_PRIVILAGE_MENU</LabelMstID>
    <FieldName>CRUP_ID</FieldName>
    <LabelID>lblCRUP_ID1s</LabelID>
    <LabelName>ACM_PRIVILAGE_MENU</LabelName>
    <LangID>1</LangID>
    <COUNTRYID>8</COUNTRYID>
    <LANGDISP>en-US</LANGDISP>
    <Active>TRUE</Active>
  </PageList>
  <PageList>
    <ID>26</ID>
    <LabelMstID>ACM_PRIVILAGE_MENU</LabelMstID>
    <FieldName>CRUP_ID</FieldName>
    <LabelID>lblCRUP_ID1s</LabelID>
    <LabelName>Crup ID</LabelName>
    <LangID>3</LangID>
    <COUNTRYID>8</COUNTRYID>
    <LANGDISP>fr-FR</LANGDISP>
    <Active>TRUE</Active>
  </PageList>
  <PageList>
    <ID>27</ID>
    <LabelMstID>ACM_PRIVILAGE_MENU</LabelMstID>
    <FieldName>CRUP_ID</FieldName>
    <LabelID>lblCRUP_ID2h</LabelID>
    <LabelName>معرف Crup</LabelName>
    <LangID>2</LangID>
    <COUNTRYID>8</COUNTRYID>
    <LANGDISP>ar-KW</LANGDISP>
    <Active>TRUE</Active>
  </PageList>
  <PageList>
    <ID>28</ID>
    <LabelMstID>ACM_PRIVILAGE_MENU</LabelMstID>
    <FieldName>MySerial</FieldName>
    <LabelID>lblMySerial1s</LabelID>
    <LabelName>ACM_PRIVILAGE_MENU</LabelName>
    <LangID>1</LangID>
    <COUNTRYID>8</COUNTRYID>
    <LANGDISP>en-US</LANGDISP>
    <Active>TRUE</Active>
  </PageList>
  <PageList>
    <ID>29</ID>
    <LabelMstID>ACM_PRIVILAGE_MENU</LabelMstID>
    <FieldName>MySerial</FieldName>
    <LabelID>lblMySerial1s</LabelID>
    <LabelName>Ma série</LabelName>
    <LangID>3</LangID>
    <COUNTRYID>8</COUNTRYID>
    <LANGDISP>fr-FR</LANGDISP>
    <Active>TRUE</Active>
  </PageList>
  <PageList>
    <ID>30</ID>
    <LabelMstID>ACM_PRIVILAGE_MENU</LabelMstID>
    <FieldName>MySerial</FieldName>
    <LabelID>lblMySerial2h</LabelID>
    <LabelName>جهاز تسلسلي</LabelName>
    <LangID>2</LangID>
    <COUNTRYID>8</COUNTRYID>
    <LANGDISP>ar-KW</LANGDISP>
    <Active>TRUE</Active>
  </PageList>
  <PageList>
    <ID>31</ID>
    <LabelMstID>ACM_PRIVILAGE_MENU</LabelMstID>
    <FieldName>ALL_FLAG</FieldName>
    <LabelID>lblALL_FLAG1s</LabelID>
    <LabelName>All Flag</LabelName>
    <LangID>1</LangID>
    <COUNTRYID>8</COUNTRYID>
    <LANGDISP>en-US</LANGDISP>
    <Active>TRUE</Active>
  </PageList>
  <PageList>
    <ID>32</ID>
    <LabelMstID>ACM_PRIVILAGE_MENU</LabelMstID>
    <FieldName>ALL_FLAG</FieldName>
    <LabelID>lblALL_FLAG1s</LabelID>
    <LabelName>Tous les drapeau</LabelName>
    <LangID>3</LangID>
    <COUNTRYID>8</COUNTRYID>
    <LANGDISP>fr-FR</LANGDISP>
    <Active>TRUE</Active>
  </PageList>
  <PageList>
    <ID>33</ID>
    <LabelMstID>ACM_PRIVILAGE_MENU</LabelMstID>
    <FieldName>ALL_FLAG</FieldName>
    <LabelID>lblALL_FLAG2h</LabelID>
    <LabelName>جميع العلم</LabelName>
    <LangID>2</LangID>
    <COUNTRYID>8</COUNTRYID>
    <LANGDISP>ar-KW</LANGDISP>
    <Active>TRUE</Active>
  </PageList>
  <PageList>
    <ID>34</ID>
    <LabelMstID>ACM_PRIVILAGE_MENU</LabelMstID>
    <FieldName>ADD_FLAG</FieldName>
    <LabelID>lblADD_FLAG1s</LabelID>
    <LabelName>Add Flag</LabelName>
    <LangID>1</LangID>
    <COUNTRYID>8</COUNTRYID>
    <LANGDISP>en-US</LANGDISP>
    <Active>TRUE</Active>
  </PageList>
  <PageList>
    <ID>35</ID>
    <LabelMstID>ACM_PRIVILAGE_MENU</LabelMstID>
    <FieldName>ADD_FLAG</FieldName>
    <LabelID>lblADD_FLAG1s</LabelID>
    <LabelName>Ajouter l'indicateur</LabelName>
    <LangID>3</LangID>
    <COUNTRYID>8</COUNTRYID>
    <LANGDISP>fr-FR</LANGDISP>
    <Active>TRUE</Active>
  </PageList>
  <PageList>
    <ID>36</ID>
    <LabelMstID>ACM_PRIVILAGE_MENU</LabelMstID>
    <FieldName>ADD_FLAG</FieldName>
    <LabelID>lblADD_FLAG2h</LabelID>
    <LabelName>إضافة علامة</LabelName>
    <LangID>2</LangID>
    <COUNTRYID>8</COUNTRYID>
    <LANGDISP>ar-KW</LANGDISP>
    <Active>TRUE</Active>
  </PageList>
  <PageList>
    <ID>37</ID>
    <LabelMstID>ACM_PRIVILAGE_MENU</LabelMstID>
    <FieldName>MODIFY_FLAG</FieldName>
    <LabelID>lblMODIFY_FLAG1s</LabelID>
    <LabelName>Modify Flag</LabelName>
    <LangID>1</LangID>
    <COUNTRYID>8</COUNTRYID>
    <LANGDISP>en-US</LANGDISP>
    <Active>TRUE</Active>
  </PageList>
  <PageList>
    <ID>38</ID>
    <LabelMstID>ACM_PRIVILAGE_MENU</LabelMstID>
    <FieldName>MODIFY_FLAG</FieldName>
    <LabelID>lblMODIFY_FLAG1s</LabelID>
    <LabelName>Modifier le drapeau</LabelName>
    <LangID>3</LangID>
    <COUNTRYID>8</COUNTRYID>
    <LANGDISP>fr-FR</LANGDISP>
    <Active>TRUE</Active>
  </PageList>
  <PageList>
    <ID>39</ID>
    <LabelMstID>ACM_PRIVILAGE_MENU</LabelMstID>
    <FieldName>MODIFY_FLAG</FieldName>
    <LabelID>lblMODIFY_FLAG2h</LabelID>
    <LabelName>تعديل العلامة</LabelName>
    <LangID>2</LangID>
    <COUNTRYID>8</COUNTRYID>
    <LANGDISP>ar-KW</LANGDISP>
    <Active>TRUE</Active>
  </PageList>
  <PageList>
    <ID>40</ID>
    <LabelMstID>ACM_PRIVILAGE_MENU</LabelMstID>
    <FieldName>DELETE_FLAG</FieldName>
    <LabelID>lblDELETE_FLAG1s</LabelID>
    <LabelName>Delete Flag</LabelName>
    <LangID>1</LangID>
    <COUNTRYID>8</COUNTRYID>
    <LANGDISP>en-US</LANGDISP>
    <Active>TRUE</Active>
  </PageList>
  <PageList>
    <ID>41</ID>
    <LabelMstID>ACM_PRIVILAGE_MENU</LabelMstID>
    <FieldName>DELETE_FLAG</FieldName>
    <LabelID>lblDELETE_FLAG1s</LabelID>
    <LabelName>Supprimer l'indicateur</LabelName>
    <LangID>3</LangID>
    <COUNTRYID>8</COUNTRYID>
    <LANGDISP>fr-FR</LANGDISP>
    <Active>TRUE</Active>
  </PageList>
  <PageList>
    <ID>42</ID>
    <LabelMstID>ACM_PRIVILAGE_MENU</LabelMstID>
    <FieldName>DELETE_FLAG</FieldName>
    <LabelID>lblDELETE_FLAG2h</LabelID>
    <LabelName>حذف العلامة</LabelName>
    <LangID>2</LangID>
    <COUNTRYID>8</COUNTRYID>
    <LANGDISP>ar-KW</LANGDISP>
    <Active>TRUE</Active>
  </PageList>
  <PageList>
    <ID>43</ID>
    <LabelMstID>ACM_PRIVILAGE_MENU</LabelMstID>
    <FieldName>VIEW_FLAG</FieldName>
    <LabelID>lblVIEW_FLAG1s</LabelID>
    <LabelName>View Flag</LabelName>
    <LangID>1</LangID>
    <COUNTRYID>8</COUNTRYID>
    <LANGDISP>en-US</LANGDISP>
    <Active>TRUE</Active>
  </PageList>
  <PageList>
    <ID>44</ID>
    <LabelMstID>ACM_PRIVILAGE_MENU</LabelMstID>
    <FieldName>VIEW_FLAG</FieldName>
    <LabelID>lblVIEW_FLAG1s</LabelID>
    <LabelName>Drapeau de la vue</LabelName>
    <LangID>3</LangID>
    <COUNTRYID>8</COUNTRYID>
    <LANGDISP>fr-FR</LANGDISP>
    <Active>TRUE</Active>
  </PageList>
  <PageList>
    <ID>45</ID>
    <LabelMstID>ACM_PRIVILAGE_MENU</LabelMstID>
    <FieldName>VIEW_FLAG</FieldName>
    <LabelID>lblVIEW_FLAG2h</LabelID>
    <LabelName>عرض العلم</LabelName>
    <LangID>2</LangID>
    <COUNTRYID>8</COUNTRYID>
    <LANGDISP>ar-KW</LANGDISP>
    <Active>TRUE</Active>
  </PageList>
  <PageList>
    <ID>46</ID>
    <LabelMstID>ACM_PRIVILAGE_MENU</LabelMstID>
    <FieldName>NULL</FieldName>
    <LabelID>lblHeader1s</LabelID>
    <LabelName>ACM_PRIVILAGE_MENU</LabelName>
    <LangID>1</LangID>
    <COUNTRYID>8</COUNTRYID>
    <LANGDISP>en-US</LANGDISP>
    <Active>TRUE</Active>
  </PageList>
  <PageList>
    <ID>47</ID>
    <LabelMstID>ACM_PRIVILAGE_MENU</LabelMstID>
    <FieldName>NULL</FieldName>
    <LabelID>lblHeader1s</LabelID>
    <LabelName>ACM_PRIVILAGE_MENU</LabelName>
    <LangID>3</LangID>
    <COUNTRYID>8</COUNTRYID>
    <LANGDISP>fr-FR</LANGDISP>
    <Active>TRUE</Active>
  </PageList>
  <PageList>
    <ID>48</ID>
    <LabelMstID>ACM_PRIVILAGE_MENU</LabelMstID>
    <FieldName>NULL</FieldName>
    <LabelID>lblHeader2h</LabelID>
    <LabelName>ACM_PRIVILAGE_MENU</LabelName>
    <LangID>2</LangID>
    <COUNTRYID>8</COUNTRYID>
    <LANGDISP>ar-KW</LANGDISP>
    <Active>TRUE</Active>
  </PageList>
</TBLLabelDTL>