<?xml version="1.0" standalone="yes"?>
<TBLLabelDTL>
<PageList><ID>1</ID><LabelMstID>ACM_PRIVILEGE_MST</LabelMstID><FieldName>TENANT_ID</FieldName><LabelID>lblTENANT_ID1s</LabelID><LabelName>Tenant ID</LabelName><LangID>1</LangID><COUNTRYID>8</COUNTRYID><LANGDISP>en-US</LANGDISP><Active>TRUE</Active></PageList> 
<PageList><ID>2</ID><LabelMstID>ACM_PRIVILEGE_MST</LabelMstID><FieldName>TENANT_ID</FieldName><LabelID>lblTENANT_ID1s</LabelID><LabelName>ID du locataire</LabelName><LangID>3</LangID><COUNTRYID>8</COUNTRYID><LANGDISP>fr-FR</LANGDISP><Active>TRUE</Active></PageList> 
<PageList><ID>3</ID><LabelMstID>ACM_PRIVILEGE_MST</LabelMstID><FieldName>TENANT_ID</FieldName><LabelID>lblTENANT_ID2h</LabelID><LabelName>معرف المستأجر</LabelName><LangID>2</LangID><COUNTRYID>8</COUNTRYID><LANGDISP>ar-KW</LANGDISP><Active>TRUE</Active></PageList> 
<PageList><ID>4</ID><LabelMstID>ACM_PRIVILEGE_MST</LabelMstID><FieldName>PRIVILEGE_ID</FieldName><LabelID>lblPRIVILEGE_ID1s</LabelID><LabelName>Privilege ID</LabelName><LangID>1</LangID><COUNTRYID>8</COUNTRYID><LANGDISP>en-US</LANGDISP><Active>TRUE</Active></PageList> 
<PageList><ID>5</ID><LabelMstID>ACM_PRIVILEGE_MST</LabelMstID><FieldName>PRIVILEGE_ID</FieldName><LabelID>lblPRIVILEGE_ID1s</LabelID><LabelName>ID de privilège</LabelName><LangID>3</LangID><COUNTRYID>8</COUNTRYID><LANGDISP>fr-FR</LANGDISP><Active>TRUE</Active></PageList> 
<PageList><ID>6</ID><LabelMstID>ACM_PRIVILEGE_MST</LabelMstID><FieldName>PRIVILEGE_ID</FieldName><LabelID>lblPRIVILEGE_ID2h</LabelID><LabelName>معرف امتياز</LabelName><LangID>2</LangID><COUNTRYID>8</COUNTRYID><LANGDISP>ar-KW</LANGDISP><Active>TRUE</Active></PageList> 
<PageList><ID>7</ID><LabelMstID>ACM_PRIVILEGE_MST</LabelMstID><FieldName>PRIVILEGE_NAME</FieldName><LabelID>lblPRIVILEGE_NAME1s</LabelID><LabelName>Privilege Name</LabelName><LangID>1</LangID><COUNTRYID>8</COUNTRYID><LANGDISP>en-US</LANGDISP><Active>TRUE</Active></PageList> 
<PageList><ID>8</ID><LabelMstID>ACM_PRIVILEGE_MST</LabelMstID><FieldName>PRIVILEGE_NAME</FieldName><LabelID>lblPRIVILEGE_NAME1s</LabelID><LabelName>Nom de privilège</LabelName><LangID>3</LangID><COUNTRYID>8</COUNTRYID><LANGDISP>fr-FR</LANGDISP><Active>TRUE</Active></PageList> 
<PageList><ID>9</ID><LabelMstID>ACM_PRIVILEGE_MST</LabelMstID><FieldName>PRIVILEGE_NAME</FieldName><LabelID>lblPRIVILEGE_NAME2h</LabelID><LabelName>اسم الامتياز</LabelName><LangID>2</LangID><COUNTRYID>8</COUNTRYID><LANGDISP>ar-KW</LANGDISP><Active>TRUE</Active></PageList> 
<PageList><ID>10</ID><LabelMstID>ACM_PRIVILEGE_MST</LabelMstID><FieldName>PRIVILEGE_DESC</FieldName><LabelID>lblPRIVILEGE_DESC1s</LabelID><LabelName>Privilege Desc</LabelName><LangID>1</LangID><COUNTRYID>8</COUNTRYID><LANGDISP>en-US</LANGDISP><Active>TRUE</Active></PageList> 
<PageList><ID>11</ID><LabelMstID>ACM_PRIVILEGE_MST</LabelMstID><FieldName>PRIVILEGE_DESC</FieldName><LabelID>lblPRIVILEGE_DESC1s</LabelID><LabelName>Privilège Desc</LabelName><LangID>3</LangID><COUNTRYID>8</COUNTRYID><LANGDISP>fr-FR</LANGDISP><Active>TRUE</Active></PageList> 
<PageList><ID>12</ID><LabelMstID>ACM_PRIVILEGE_MST</LabelMstID><FieldName>PRIVILEGE_DESC</FieldName><LabelID>lblPRIVILEGE_DESC2h</LabelID><LabelName>امتياز تنازلي</LabelName><LangID>2</LangID><COUNTRYID>8</COUNTRYID><LANGDISP>ar-KW</LANGDISP><Active>TRUE</Active></PageList> 
<PageList><ID>13</ID><LabelMstID>ACM_PRIVILEGE_MST</LabelMstID><FieldName>ACTIVE_FLAG</FieldName><LabelID>lblACTIVE_FLAG1s</LabelID><LabelName>Active Flag</LabelName><LangID>1</LangID><COUNTRYID>8</COUNTRYID><LANGDISP>en-US</LANGDISP><Active>TRUE</Active></PageList> 
<PageList><ID>14</ID><LabelMstID>ACM_PRIVILEGE_MST</LabelMstID><FieldName>ACTIVE_FLAG</FieldName><LabelID>lblACTIVE_FLAG1s</LabelID><LabelName>Actif indicateur</LabelName><LangID>3</LangID><COUNTRYID>8</COUNTRYID><LANGDISP>fr-FR</LANGDISP><Active>TRUE</Active></PageList> 
<PageList><ID>15</ID><LabelMstID>ACM_PRIVILEGE_MST</LabelMstID><FieldName>ACTIVE_FLAG</FieldName><LabelID>lblACTIVE_FLAG2h</LabelID><LabelName>العلم نشط</LabelName><LangID>2</LangID><COUNTRYID>8</COUNTRYID><LANGDISP>ar-KW</LANGDISP><Active>TRUE</Active></PageList> 
<PageList><ID>16</ID><LabelMstID>ACM_PRIVILEGE_MST</LabelMstID><FieldName>CRUP_ID</FieldName><LabelID>lblCRUP_ID1s</LabelID><LabelName>Crup ID</LabelName><LangID>1</LangID><COUNTRYID>8</COUNTRYID><LANGDISP>en-US</LANGDISP><Active>TRUE</Active></PageList> 
<PageList><ID>17</ID><LabelMstID>ACM_PRIVILEGE_MST</LabelMstID><FieldName>CRUP_ID</FieldName><LabelID>lblCRUP_ID1s</LabelID><LabelName>Crup ID</LabelName><LangID>3</LangID><COUNTRYID>8</COUNTRYID><LANGDISP>fr-FR</LANGDISP><Active>TRUE</Active></PageList> 
<PageList><ID>18</ID><LabelMstID>ACM_PRIVILEGE_MST</LabelMstID><FieldName>CRUP_ID</FieldName><LabelID>lblCRUP_ID2h</LabelID><LabelName>معرف Crup</LabelName><LangID>2</LangID><COUNTRYID>8</COUNTRYID><LANGDISP>ar-KW</LANGDISP><Active>TRUE</Active></PageList> 
<PageList><ID>19</ID><LabelMstID>ACM_PRIVILEGE_MST</LabelMstID><FieldName>MODULE_ID</FieldName><LabelID>lblMODULE_ID1s</LabelID><LabelName>Module ID</LabelName><LangID>1</LangID><COUNTRYID>8</COUNTRYID><LANGDISP>en-US</LANGDISP><Active>TRUE</Active></PageList> 
<PageList><ID>20</ID><LabelMstID>ACM_PRIVILEGE_MST</LabelMstID><FieldName>MODULE_ID</FieldName><LabelID>lblMODULE_ID1s</LabelID><LabelName>ID de module</LabelName><LangID>3</LangID><COUNTRYID>8</COUNTRYID><LANGDISP>fr-FR</LANGDISP><Active>TRUE</Active></PageList> 
<PageList><ID>21</ID><LabelMstID>ACM_PRIVILEGE_MST</LabelMstID><FieldName>MODULE_ID</FieldName><LabelID>lblMODULE_ID2h</LabelID><LabelName>معرف الوحدة النمطية</LabelName><LangID>2</LangID><COUNTRYID>8</COUNTRYID><LANGDISP>ar-KW</LANGDISP><Active>TRUE</Active></PageList> 
<PageList><ID>22</ID><LabelMstID>ACM_PRIVILEGE_MST</LabelMstID><FieldName>PRIVILEGE_NAME1</FieldName><LabelID>lblPRIVILEGE_NAME11s</LabelID><LabelName>Privilege Name1</LabelName><LangID>1</LangID><COUNTRYID>8</COUNTRYID><LANGDISP>en-US</LANGDISP><Active>TRUE</Active></PageList> 
<PageList><ID>23</ID><LabelMstID>ACM_PRIVILEGE_MST</LabelMstID><FieldName>PRIVILEGE_NAME1</FieldName><LabelID>lblPRIVILEGE_NAME11s</LabelID><LabelName>Privilège nom1</LabelName><LangID>3</LangID><COUNTRYID>8</COUNTRYID><LANGDISP>fr-FR</LANGDISP><Active>TRUE</Active></PageList> 
<PageList><ID>24</ID><LabelMstID>ACM_PRIVILEGE_MST</LabelMstID><FieldName>PRIVILEGE_NAME1</FieldName><LabelID>lblPRIVILEGE_NAME12h</LabelID><LabelName>Name1 امتياز</LabelName><LangID>2</LangID><COUNTRYID>8</COUNTRYID><LANGDISP>ar-KW</LANGDISP><Active>TRUE</Active></PageList> 
<PageList><ID>25</ID><LabelMstID>ACM_PRIVILEGE_MST</LabelMstID><FieldName>PRIVILEGE_NAME2</FieldName><LabelID>lblPRIVILEGE_NAME21s</LabelID><LabelName>Privilege Name2</LabelName><LangID>1</LangID><COUNTRYID>8</COUNTRYID><LANGDISP>en-US</LANGDISP><Active>TRUE</Active></PageList> 
<PageList><ID>26</ID><LabelMstID>ACM_PRIVILEGE_MST</LabelMstID><FieldName>PRIVILEGE_NAME2</FieldName><LabelID>lblPRIVILEGE_NAME21s</LabelID><LabelName>Privilège nom2</LabelName><LangID>3</LangID><COUNTRYID>8</COUNTRYID><LANGDISP>fr-FR</LANGDISP><Active>TRUE</Active></PageList> 
<PageList><ID>27</ID><LabelMstID>ACM_PRIVILEGE_MST</LabelMstID><FieldName>PRIVILEGE_NAME2</FieldName><LabelID>lblPRIVILEGE_NAME22h</LabelID><LabelName>امتياز Name2</LabelName><LangID>2</LangID><COUNTRYID>8</COUNTRYID><LANGDISP>ar-KW</LANGDISP><Active>TRUE</Active></PageList> 
<PageList><ID>28</ID><LabelMstID>ACM_PRIVILEGE_MST</LabelMstID><FieldName>NULL</FieldName><LabelID>lblHeader1s</LabelID><LabelName>PRIVILEGE_MST</LabelName><LangID>1</LangID><COUNTRYID>8</COUNTRYID><LANGDISP>en-US</LANGDISP><Active>TRUE</Active></PageList> 
<PageList><ID>29</ID><LabelMstID>ACM_PRIVILEGE_MST</LabelMstID><FieldName>NULL</FieldName><LabelID>lblHeader1s</LabelID><LabelName>PRIVILEGE_MST</LabelName><LangID>3</LangID><COUNTRYID>8</COUNTRYID><LANGDISP>fr-FR</LANGDISP><Active>TRUE</Active></PageList> 
<PageList><ID>30</ID><LabelMstID>ACM_PRIVILEGE_MST</LabelMstID><FieldName>NULL</FieldName><LabelID>lblHeader2h</LabelID><LabelName>PRIVILEGE_MST</LabelName><LangID>2</LangID><COUNTRYID>8</COUNTRYID><LANGDISP>ar-KW</LANGDISP><Active>TRUE</Active></PageList> 

</TBLLabelDTL>