<?xml version="1.0" standalone="yes"?>
<TBLLabelDTL>
<PageList><ID>1</ID><LabelMstID>BlogForum</LabelMstID><FieldName>ID</FieldName><LabelID>lblID1s</LabelID><LabelName> name</LabelName><LangID>1</LangID><COUNTRYID>8</COUNTRYID><LANGDISP>en-US</LANGDISP><Active>TRUE</Active></PageList> 
<PageList><ID>2</ID><LabelMstID>BlogForum</LabelMstID><FieldName>ID</FieldName><LabelID>lblID1s</LabelID><LabelName> nom</LabelName><LangID>3</LangID><COUNTRYID>8</COUNTRYID><LANGDISP>fr-FR</LANGDISP><Active>TRUE</Active></PageList> 
<PageList><ID>3</ID><LabelMstID>BlogForum</LabelMstID><FieldName>ID</FieldName><LabelID>lblID2h</LabelID><LabelName> الاسم</LabelName><LangID>2</LangID><COUNTRYID>8</COUNTRYID><LANGDISP>ar-KW</LANGDISP><Active>TRUE</Active></PageList> 
<PageList><ID>4</ID><LabelMstID>BlogForum</LabelMstID><FieldName>ForumType</FieldName><LabelID>lblForumType1s</LabelID><LabelName>Forum Type</LabelName><LangID>1</LangID><COUNTRYID>8</COUNTRYID><LANGDISP>en-US</LANGDISP><Active>TRUE</Active></PageList> 
<PageList><ID>5</ID><LabelMstID>BlogForum</LabelMstID><FieldName>ForumType</FieldName><LabelID>lblForumType1s</LabelID><LabelName>Type de Forum</LabelName><LangID>3</LangID><COUNTRYID>8</COUNTRYID><LANGDISP>fr-FR</LANGDISP><Active>TRUE</Active></PageList> 
<PageList><ID>6</ID><LabelMstID>BlogForum</LabelMstID><FieldName>ForumType</FieldName><LabelID>lblForumType2h</LabelID><LabelName>نوع المنتدى</LabelName><LangID>2</LangID><COUNTRYID>8</COUNTRYID><LANGDISP>ar-KW</LANGDISP><Active>TRUE</Active></PageList> 
<PageList><ID>7</ID><LabelMstID>BlogForum</LabelMstID><FieldName>ForumTopic</FieldName><LabelID>lblForumTopic1s</LabelID><LabelName>Forum Topic</LabelName><LangID>1</LangID><COUNTRYID>8</COUNTRYID><LANGDISP>en-US</LANGDISP><Active>TRUE</Active></PageList> 
<PageList><ID>8</ID><LabelMstID>BlogForum</LabelMstID><FieldName>ForumTopic</FieldName><LabelID>lblForumTopic1s</LabelID><LabelName>Sujet du Forum</LabelName><LangID>3</LangID><COUNTRYID>8</COUNTRYID><LANGDISP>fr-FR</LANGDISP><Active>TRUE</Active></PageList> 
<PageList><ID>9</ID><LabelMstID>BlogForum</LabelMstID><FieldName>ForumTopic</FieldName><LabelID>lblForumTopic2h</LabelID><LabelName>موضوع المنتدى</LabelName><LangID>2</LangID><COUNTRYID>8</COUNTRYID><LANGDISP>ar-KW</LANGDISP><Active>TRUE</Active></PageList> 
<PageList><ID>10</ID><LabelMstID>BlogForum</LabelMstID><FieldName>ForumTopic2</FieldName><LabelID>lblForumTopic21s</LabelID><LabelName>Forum Topic2</LabelName><LangID>1</LangID><COUNTRYID>8</COUNTRYID><LANGDISP>en-US</LANGDISP><Active>TRUE</Active></PageList> 
<PageList><ID>11</ID><LabelMstID>BlogForum</LabelMstID><FieldName>ForumTopic2</FieldName><LabelID>lblForumTopic21s</LabelID><LabelName>Forum Topic2</LabelName><LangID>3</LangID><COUNTRYID>8</COUNTRYID><LANGDISP>fr-FR</LANGDISP><Active>TRUE</Active></PageList> 
<PageList><ID>12</ID><LabelMstID>BlogForum</LabelMstID><FieldName>ForumTopic2</FieldName><LabelID>lblForumTopic22h</LabelID><LabelName>Topic2 المنتدى</LabelName><LangID>2</LangID><COUNTRYID>8</COUNTRYID><LANGDISP>ar-KW</LANGDISP><Active>TRUE</Active></PageList> 
<PageList><ID>13</ID><LabelMstID>BlogForum</LabelMstID><FieldName>ForumTopic3</FieldName><LabelID>lblForumTopic31s</LabelID><LabelName>Forum Topic3</LabelName><LangID>1</LangID><COUNTRYID>8</COUNTRYID><LANGDISP>en-US</LANGDISP><Active>TRUE</Active></PageList> 
<PageList><ID>14</ID><LabelMstID>BlogForum</LabelMstID><FieldName>ForumTopic3</FieldName><LabelID>lblForumTopic31s</LabelID><LabelName>Forum Topic3</LabelName><LangID>3</LangID><COUNTRYID>8</COUNTRYID><LANGDISP>fr-FR</LANGDISP><Active>TRUE</Active></PageList> 
<PageList><ID>15</ID><LabelMstID>BlogForum</LabelMstID><FieldName>ForumTopic3</FieldName><LabelID>lblForumTopic32h</LabelID><LabelName>Topic3 المنتدى</LabelName><LangID>2</LangID><COUNTRYID>8</COUNTRYID><LANGDISP>ar-KW</LANGDISP><Active>TRUE</Active></PageList> 
<PageList><ID>16</ID><LabelMstID>BlogForum</LabelMstID><FieldName>Description</FieldName><LabelID>lblDescription1s</LabelID><LabelName>Description</LabelName><LangID>1</LangID><COUNTRYID>8</COUNTRYID><LANGDISP>en-US</LANGDISP><Active>TRUE</Active></PageList> 
<PageList><ID>17</ID><LabelMstID>BlogForum</LabelMstID><FieldName>Description</FieldName><LabelID>lblDescription1s</LabelID><LabelName>Description</LabelName><LangID>3</LangID><COUNTRYID>8</COUNTRYID><LANGDISP>fr-FR</LANGDISP><Active>TRUE</Active></PageList> 
<PageList><ID>18</ID><LabelMstID>BlogForum</LabelMstID><FieldName>Description</FieldName><LabelID>lblDescription2h</LabelID><LabelName>الوصف</LabelName><LangID>2</LangID><COUNTRYID>8</COUNTRYID><LANGDISP>ar-KW</LANGDISP><Active>TRUE</Active></PageList> 
<PageList><ID>19</ID><LabelMstID>BlogForum</LabelMstID><FieldName>Description2</FieldName><LabelID>lblDescription21s</LabelID><LabelName>Description2</LabelName><LangID>1</LangID><COUNTRYID>8</COUNTRYID><LANGDISP>en-US</LANGDISP><Active>TRUE</Active></PageList> 
<PageList><ID>20</ID><LabelMstID>BlogForum</LabelMstID><FieldName>Description2</FieldName><LabelID>lblDescription21s</LabelID><LabelName>Description2</LabelName><LangID>3</LangID><COUNTRYID>8</COUNTRYID><LANGDISP>fr-FR</LANGDISP><Active>TRUE</Active></PageList> 
<PageList><ID>21</ID><LabelMstID>BlogForum</LabelMstID><FieldName>Description2</FieldName><LabelID>lblDescription22h</LabelID><LabelName>Description2</LabelName><LangID>2</LangID><COUNTRYID>8</COUNTRYID><LANGDISP>ar-KW</LANGDISP><Active>TRUE</Active></PageList> 
<PageList><ID>22</ID><LabelMstID>BlogForum</LabelMstID><FieldName>Description3</FieldName><LabelID>lblDescription31s</LabelID><LabelName>Description3</LabelName><LangID>1</LangID><COUNTRYID>8</COUNTRYID><LANGDISP>en-US</LANGDISP><Active>TRUE</Active></PageList> 
<PageList><ID>23</ID><LabelMstID>BlogForum</LabelMstID><FieldName>Description3</FieldName><LabelID>lblDescription31s</LabelID><LabelName>Description3</LabelName><LangID>3</LangID><COUNTRYID>8</COUNTRYID><LANGDISP>fr-FR</LANGDISP><Active>TRUE</Active></PageList> 
<PageList><ID>24</ID><LabelMstID>BlogForum</LabelMstID><FieldName>Description3</FieldName><LabelID>lblDescription32h</LabelID><LabelName>Description3</LabelName><LangID>2</LangID><COUNTRYID>8</COUNTRYID><LANGDISP>ar-KW</LANGDISP><Active>TRUE</Active></PageList> 
<PageList><ID>25</ID><LabelMstID>BlogForum</LabelMstID><FieldName>CategoryID</FieldName><LabelID>lblCategoryID1s</LabelID><LabelName>Category name</LabelName><LangID>1</LangID><COUNTRYID>8</COUNTRYID><LANGDISP>en-US</LANGDISP><Active>TRUE</Active></PageList> 
<PageList><ID>26</ID><LabelMstID>BlogForum</LabelMstID><FieldName>CategoryID</FieldName><LabelID>lblCategoryID1s</LabelID><LabelName>Nom de la catégorie</LabelName><LangID>3</LangID><COUNTRYID>8</COUNTRYID><LANGDISP>fr-FR</LANGDISP><Active>TRUE</Active></PageList> 
<PageList><ID>27</ID><LabelMstID>BlogForum</LabelMstID><FieldName>CategoryID</FieldName><LabelID>lblCategoryID2h</LabelID><LabelName>اسم الفئة</LabelName><LangID>2</LangID><COUNTRYID>8</COUNTRYID><LANGDISP>ar-KW</LANGDISP><Active>TRUE</Active></PageList> 
<PageList><ID>28</ID><LabelMstID>BlogForum</LabelMstID><FieldName>UserID</FieldName><LabelID>lblUserID1s</LabelID><LabelName>User name</LabelName><LangID>1</LangID><COUNTRYID>8</COUNTRYID><LANGDISP>en-US</LANGDISP><Active>TRUE</Active></PageList> 
<PageList><ID>29</ID><LabelMstID>BlogForum</LabelMstID><FieldName>UserID</FieldName><LabelID>lblUserID1s</LabelID><LabelName>Nom d’utilisateur</LabelName><LangID>3</LangID><COUNTRYID>8</COUNTRYID><LANGDISP>fr-FR</LANGDISP><Active>TRUE</Active></PageList> 
<PageList><ID>30</ID><LabelMstID>BlogForum</LabelMstID><FieldName>UserID</FieldName><LabelID>lblUserID2h</LabelID><LabelName>اسم المستخدم</LabelName><LangID>2</LangID><COUNTRYID>8</COUNTRYID><LANGDISP>ar-KW</LANGDISP><Active>TRUE</Active></PageList> 
<PageList><ID>31</ID><LabelMstID>BlogForum</LabelMstID><FieldName>Active</FieldName><LabelID>lblActive1s</LabelID><LabelName>Active</LabelName><LangID>1</LangID><COUNTRYID>8</COUNTRYID><LANGDISP>en-US</LANGDISP><Active>TRUE</Active></PageList> 
<PageList><ID>32</ID><LabelMstID>BlogForum</LabelMstID><FieldName>Active</FieldName><LabelID>lblActive1s</LabelID><LabelName>Actif</LabelName><LangID>3</LangID><COUNTRYID>8</COUNTRYID><LANGDISP>fr-FR</LANGDISP><Active>TRUE</Active></PageList> 
<PageList><ID>33</ID><LabelMstID>BlogForum</LabelMstID><FieldName>Active</FieldName><LabelID>lblActive2h</LabelID><LabelName>النشطة</LabelName><LangID>2</LangID><COUNTRYID>8</COUNTRYID><LANGDISP>ar-KW</LANGDISP><Active>TRUE</Active></PageList> 
<PageList><ID>34</ID><LabelMstID>BlogForum</LabelMstID><FieldName>DateTime</FieldName><LabelID>lblDateTime1s</LabelID><LabelName>Datetime</LabelName><LangID>1</LangID><COUNTRYID>8</COUNTRYID><LANGDISP>en-US</LANGDISP><Active>TRUE</Active></PageList> 
<PageList><ID>35</ID><LabelMstID>BlogForum</LabelMstID><FieldName>DateTime</FieldName><LabelID>lblDateTime1s</LabelID><LabelName>DateTime</LabelName><LangID>3</LangID><COUNTRYID>8</COUNTRYID><LANGDISP>fr-FR</LANGDISP><Active>TRUE</Active></PageList> 
<PageList><ID>36</ID><LabelMstID>BlogForum</LabelMstID><FieldName>DateTime</FieldName><LabelID>lblDateTime2h</LabelID><LabelName>التاريخ والوقت</LabelName><LangID>2</LangID><COUNTRYID>8</COUNTRYID><LANGDISP>ar-KW</LANGDISP><Active>TRUE</Active></PageList> 
<PageList><ID>37</ID><LabelMstID>BlogForum</LabelMstID><FieldName>Deleted</FieldName><LabelID>lblDeleted1s</LabelID><LabelName>Deleted</LabelName><LangID>1</LangID><COUNTRYID>8</COUNTRYID><LANGDISP>en-US</LANGDISP><Active>TRUE</Active></PageList> 
<PageList><ID>38</ID><LabelMstID>BlogForum</LabelMstID><FieldName>Deleted</FieldName><LabelID>lblDeleted1s</LabelID><LabelName>Supprimé</LabelName><LangID>3</LangID><COUNTRYID>8</COUNTRYID><LANGDISP>fr-FR</LANGDISP><Active>TRUE</Active></PageList> 
<PageList><ID>39</ID><LabelMstID>BlogForum</LabelMstID><FieldName>Deleted</FieldName><LabelID>lblDeleted2h</LabelID><LabelName>حذف</LabelName><LangID>2</LangID><COUNTRYID>8</COUNTRYID><LANGDISP>ar-KW</LANGDISP><Active>TRUE</Active></PageList> 
<PageList><ID>40</ID><LabelMstID>BlogForum</LabelMstID><FieldName>Visited</FieldName><LabelID>lblVisited1s</LabelID><LabelName>Visited</LabelName><LangID>1</LangID><COUNTRYID>8</COUNTRYID><LANGDISP>en-US</LANGDISP><Active>TRUE</Active></PageList> 
<PageList><ID>41</ID><LabelMstID>BlogForum</LabelMstID><FieldName>Visited</FieldName><LabelID>lblVisited1s</LabelID><LabelName>Visité</LabelName><LangID>3</LangID><COUNTRYID>8</COUNTRYID><LANGDISP>fr-FR</LANGDISP><Active>TRUE</Active></PageList> 
<PageList><ID>42</ID><LabelMstID>BlogForum</LabelMstID><FieldName>Visited</FieldName><LabelID>lblVisited2h</LabelID><LabelName>وزار</LabelName><LangID>2</LangID><COUNTRYID>8</COUNTRYID><LANGDISP>ar-KW</LANGDISP><Active>TRUE</Active></PageList> 
<PageList><ID>43</ID><LabelMstID>BlogForum</LabelMstID><FieldName>DisplayName</FieldName><LabelID>lblDisplayName1s</LabelID><LabelName>Display name</LabelName><LangID>1</LangID><COUNTRYID>8</COUNTRYID><LANGDISP>en-US</LANGDISP><Active>TRUE</Active></PageList> 
<PageList><ID>44</ID><LabelMstID>BlogForum</LabelMstID><FieldName>DisplayName</FieldName><LabelID>lblDisplayName1s</LabelID><LabelName>Nom d’affichage</LabelName><LangID>3</LangID><COUNTRYID>8</COUNTRYID><LANGDISP>fr-FR</LANGDISP><Active>TRUE</Active></PageList> 
<PageList><ID>45</ID><LabelMstID>BlogForum</LabelMstID><FieldName>DisplayName</FieldName><LabelID>lblDisplayName2h</LabelID><LabelName>اسم العرض</LabelName><LangID>2</LangID><COUNTRYID>8</COUNTRYID><LANGDISP>ar-KW</LANGDISP><Active>TRUE</Active></PageList> 
<PageList><ID>46</ID><LabelMstID>BlogForum</LabelMstID><FieldName>Avtar</FieldName><LabelID>lblAvtar1s</LabelID><LabelName>Avtar</LabelName><LangID>1</LangID><COUNTRYID>8</COUNTRYID><LANGDISP>en-US</LANGDISP><Active>TRUE</Active></PageList> 
<PageList><ID>47</ID><LabelMstID>BlogForum</LabelMstID><FieldName>Avtar</FieldName><LabelID>lblAvtar1s</LabelID><LabelName>Avtar</LabelName><LangID>3</LangID><COUNTRYID>8</COUNTRYID><LANGDISP>fr-FR</LANGDISP><Active>TRUE</Active></PageList> 
<PageList><ID>48</ID><LabelMstID>BlogForum</LabelMstID><FieldName>Avtar</FieldName><LabelID>lblAvtar2h</LabelID><LabelName>افتار</LabelName><LangID>2</LangID><COUNTRYID>8</COUNTRYID><LANGDISP>ar-KW</LANGDISP><Active>TRUE</Active></PageList> 
<PageList><ID>49</ID><LabelMstID>BlogForum</LabelMstID><FieldName>CRUP_ID</FieldName><LabelID>lblCRUP_ID1s</LabelID><LabelName>Crup  name</LabelName><LangID>1</LangID><COUNTRYID>8</COUNTRYID><LANGDISP>en-US</LANGDISP><Active>TRUE</Active></PageList> 
<PageList><ID>50</ID><LabelMstID>BlogForum</LabelMstID><FieldName>CRUP_ID</FieldName><LabelID>lblCRUP_ID1s</LabelID><LabelName>Crup nom</LabelName><LangID>3</LangID><COUNTRYID>8</COUNTRYID><LANGDISP>fr-FR</LANGDISP><Active>TRUE</Active></PageList> 
<PageList><ID>51</ID><LabelMstID>BlogForum</LabelMstID><FieldName>CRUP_ID</FieldName><LabelID>lblCRUP_ID2h</LabelID><LabelName>اسم Crup</LabelName><LangID>2</LangID><COUNTRYID>8</COUNTRYID><LANGDISP>ar-KW</LANGDISP><Active>TRUE</Active></PageList> 
<PageList><ID>52</ID><LabelMstID>BlogForum</LabelMstID><FieldName>TenentID</FieldName><LabelID>lblTenentID1s</LabelID><LabelName>Tenent name</LabelName><LangID>1</LangID><COUNTRYID>8</COUNTRYID><LANGDISP>en-US</LANGDISP><Active>TRUE</Active></PageList> 
<PageList><ID>53</ID><LabelMstID>BlogForum</LabelMstID><FieldName>TenentID</FieldName><LabelID>lblTenentID1s</LabelID><LabelName>Tenent nom</LabelName><LangID>3</LangID><COUNTRYID>8</COUNTRYID><LANGDISP>fr-FR</LANGDISP><Active>TRUE</Active></PageList> 
<PageList><ID>54</ID><LabelMstID>BlogForum</LabelMstID><FieldName>TenentID</FieldName><LabelID>lblTenentID2h</LabelID><LabelName>اسم تينيت</LabelName><LangID>2</LangID><COUNTRYID>8</COUNTRYID><LANGDISP>ar-KW</LANGDISP><Active>TRUE</Active></PageList> 
<PageList><ID>55</ID><LabelMstID>BlogForum</LabelMstID><FieldName>NULL</FieldName><LabelID>lblHeader1s</LabelID><LabelName>BlogForum</LabelName><LangID>1</LangID><COUNTRYID>8</COUNTRYID><LANGDISP>en-US</LANGDISP><Active>TRUE</Active></PageList> 
<PageList><ID>56</ID><LabelMstID>BlogForum</LabelMstID><FieldName>NULL</FieldName><LabelID>lblHeader1s</LabelID><LabelName>BlogForum</LabelName><LangID>3</LangID><COUNTRYID>8</COUNTRYID><LANGDISP>fr-FR</LANGDISP><Active>TRUE</Active></PageList> 
<PageList><ID>57</ID><LabelMstID>BlogForum</LabelMstID><FieldName>NULL</FieldName><LabelID>lblHeader2h</LabelID><LabelName>بلوجفوروم</LabelName><LangID>2</LangID><COUNTRYID>8</COUNTRYID><LANGDISP>ar-KW</LANGDISP><Active>TRUE</Active></PageList> 

</TBLLabelDTL>