<?xml version="1.0" standalone="yes"?>
<TBLLabelDTL>
  <PageList>
    <ID>1</ID>
    <LabelMstID>CorpDomainMng</LabelMstID>
    <FieldName>TID</FieldName>
    <LabelID>lblTID1s</LabelID>
    <LabelName>CorpDomainMng</LabelName>
    <LangID>1</LangID>
    <COUNTRYID>8</COUNTRYID>
    <LANGDISP>en-US</LANGDISP>
    <Active>TRUE</Active>
  </PageList>
  <PageList>
    <ID>2</ID>
    <LabelMstID>CorpDomainMng</LabelMstID>
    <FieldName>TID</FieldName>
    <LabelID>lblTID1s</LabelID>
    <LabelName>TenantID</LabelName>
    <LangID>3</LangID>
    <COUNTRYID>8</COUNTRYID>
    <LANGDISP>fr-FR</LANGDISP>
    <Active>TRUE</Active>
  </PageList>
  <PageList>
    <ID>3</ID>
    <LabelMstID>CorpDomainMng</LabelMstID>
    <FieldName>TID</FieldName>
    <LabelID>lblTID2h</LabelID>
    <LabelName>تينانتيد</LabelName>
    <LangID>2</LangID>
    <COUNTRYID>8</COUNTRYID>
    <LANGDISP>ar-KW</LANGDISP>
    <Active>TRUE</Active>
  </PageList>
  <PageList>
    <ID>4</ID>
    <LabelMstID>CorpDomainMng</LabelMstID>
    <FieldName>Type</FieldName>
    <LabelID>lblType1s</LabelID>
    <LabelName>Type</LabelName>
    <LangID>1</LangID>
    <COUNTRYID>8</COUNTRYID>
    <LANGDISP>en-US</LANGDISP>
    <Active>TRUE</Active>
  </PageList>
  <PageList>
    <ID>5</ID>
    <LabelMstID>CorpDomainMng</LabelMstID>
    <FieldName>Type</FieldName>
    <LabelID>lblType1s</LabelID>
    <LabelName>Type de</LabelName>
    <LangID>3</LangID>
    <COUNTRYID>8</COUNTRYID>
    <LANGDISP>fr-FR</LANGDISP>
    <Active>TRUE</Active>
  </PageList>
  <PageList>
    <ID>6</ID>
    <LabelMstID>CorpDomainMng</LabelMstID>
    <FieldName>Type</FieldName>
    <LabelID>lblType2h</LabelID>
    <LabelName>نوع</LabelName>
    <LangID>2</LangID>
    <COUNTRYID>8</COUNTRYID>
    <LANGDISP>ar-KW</LANGDISP>
    <Active>TRUE</Active>
  </PageList>
  <PageList>
    <ID>7</ID>
    <LabelMstID>CorpDomainMng</LabelMstID>
    <FieldName>Name1</FieldName>
    <LabelID>lblName11s</LabelID>
    <LabelName>NameLang1</LabelName>
    <LangID>1</LangID>
    <COUNTRYID>8</COUNTRYID>
    <LANGDISP>en-US</LANGDISP>
    <Active>TRUE</Active>
  </PageList>
  <PageList>
    <ID>8</ID>
    <LabelMstID>CorpDomainMng</LabelMstID>
    <FieldName>Name1</FieldName>
    <LabelID>lblName11s</LabelID>
    <LabelName>NameLang1</LabelName>
    <LangID>3</LangID>
    <COUNTRYID>8</COUNTRYID>
    <LANGDISP>fr-FR</LANGDISP>
    <Active>TRUE</Active>
  </PageList>
  <PageList>
    <ID>9</ID>
    <LabelMstID>CorpDomainMng</LabelMstID>
    <FieldName>Name1</FieldName>
    <LabelID>lblName12h</LabelID>
    <LabelName>NameLang1</LabelName>
    <LangID>2</LangID>
    <COUNTRYID>8</COUNTRYID>
    <LANGDISP>ar-KW</LANGDISP>
    <Active>TRUE</Active>
  </PageList>
  <PageList>
    <ID>10</ID>
    <LabelMstID>CorpDomainMng</LabelMstID>
    <FieldName>Name2</FieldName>
    <LabelID>lblName21s</LabelID>
    <LabelName>NameLang2</LabelName>
    <LangID>1</LangID>
    <COUNTRYID>8</COUNTRYID>
    <LANGDISP>en-US</LANGDISP>
    <Active>TRUE</Active>
  </PageList>
  <PageList>
    <ID>11</ID>
    <LabelMstID>CorpDomainMng</LabelMstID>
    <FieldName>Name2</FieldName>
    <LabelID>lblName21s</LabelID>
    <LabelName>NameLang2</LabelName>
    <LangID>3</LangID>
    <COUNTRYID>8</COUNTRYID>
    <LANGDISP>fr-FR</LANGDISP>
    <Active>TRUE</Active>
  </PageList>
  <PageList>
    <ID>12</ID>
    <LabelMstID>CorpDomainMng</LabelMstID>
    <FieldName>Name2</FieldName>
    <LabelID>lblName22h</LabelID>
    <LabelName>NameLang2</LabelName>
    <LangID>2</LangID>
    <COUNTRYID>8</COUNTRYID>
    <LANGDISP>ar-KW</LANGDISP>
    <Active>TRUE</Active>
  </PageList>
  <PageList>
    <ID>13</ID>
    <LabelMstID>CorpDomainMng</LabelMstID>
    <FieldName>Name3</FieldName>
    <LabelID>lblName31s</LabelID>
    <LabelName>NameLang3</LabelName>
    <LangID>1</LangID>
    <COUNTRYID>8</COUNTRYID>
    <LANGDISP>en-US</LANGDISP>
    <Active>TRUE</Active>
  </PageList>
  <PageList>
    <ID>14</ID>
    <LabelMstID>CorpDomainMng</LabelMstID>
    <FieldName>Name3</FieldName>
    <LabelID>lblName31s</LabelID>
    <LabelName>NameLang3</LabelName>
    <LangID>3</LangID>
    <COUNTRYID>8</COUNTRYID>
    <LANGDISP>fr-FR</LANGDISP>
    <Active>TRUE</Active>
  </PageList>
  <PageList>
    <ID>15</ID>
    <LabelMstID>CorpDomainMng</LabelMstID>
    <FieldName>Name3</FieldName>
    <LabelID>lblName32h</LabelID>
    <LabelName>NameLang3</LabelName>
    <LangID>2</LangID>
    <COUNTRYID>8</COUNTRYID>
    <LANGDISP>ar-KW</LANGDISP>
    <Active>TRUE</Active>
  </PageList>
  <PageList>
    <ID>16</ID>
    <LabelMstID>CorpDomainMng</LabelMstID>
    <FieldName>URL</FieldName>
    <LabelID>lblURL1s</LabelID>
    <LabelName>Website</LabelName>
    <LangID>1</LangID>
    <COUNTRYID>8</COUNTRYID>
    <LANGDISP>en-US</LANGDISP>
    <Active>TRUE</Active>
  </PageList>
  <PageList>
    <ID>17</ID>
    <LabelMstID>CorpDomainMng</LabelMstID>
    <FieldName>URL</FieldName>
    <LabelID>lblURL1s</LabelID>
    <LabelName>URL</LabelName>
    <LangID>3</LangID>
    <COUNTRYID>8</COUNTRYID>
    <LANGDISP>fr-FR</LANGDISP>
    <Active>TRUE</Active>
  </PageList>
  <PageList>
    <ID>18</ID>
    <LabelMstID>CorpDomainMng</LabelMstID>
    <FieldName>URL</FieldName>
    <LabelID>lblURL2h</LabelID>
    <LabelName>عنوان Url</LabelName>
    <LangID>2</LangID>
    <COUNTRYID>8</COUNTRYID>
    <LANGDISP>ar-KW</LANGDISP>
    <Active>TRUE</Active>
  </PageList>
  <PageList>
    <ID>19</ID>
    <LabelMstID>CorpDomainMng</LabelMstID>
    <FieldName>Parameter</FieldName>
    <LabelID>lblParameter1s</LabelID>
    <LabelName>CorpDomainMng</LabelName>
    <LangID>1</LangID>
    <COUNTRYID>8</COUNTRYID>
    <LANGDISP>en-US</LANGDISP>
    <Active>TRUE</Active>
  </PageList>
  <PageList>
    <ID>20</ID>
    <LabelMstID>CorpDomainMng</LabelMstID>
    <FieldName>Parameter</FieldName>
    <LabelID>lblParameter1s</LabelID>
    <LabelName>Paramètre</LabelName>
    <LangID>3</LangID>
    <COUNTRYID>8</COUNTRYID>
    <LANGDISP>fr-FR</LANGDISP>
    <Active>TRUE</Active>
  </PageList>
  <PageList>
    <ID>21</ID>
    <LabelMstID>CorpDomainMng</LabelMstID>
    <FieldName>Parameter</FieldName>
    <LabelID>lblParameter2h</LabelID>
    <LabelName>المعلمة</LabelName>
    <LangID>2</LangID>
    <COUNTRYID>8</COUNTRYID>
    <LANGDISP>ar-KW</LANGDISP>
    <Active>TRUE</Active>
  </PageList>
  <PageList>
    <ID>22</ID>
    <LabelMstID>CorpDomainMng</LabelMstID>
    <FieldName>SortBy</FieldName>
    <LabelID>lblSortBy1s</LabelID>
    <LabelName>Sorted</LabelName>
    <LangID>1</LangID>
    <COUNTRYID>8</COUNTRYID>
    <LANGDISP>en-US</LANGDISP>
    <Active>TRUE</Active>
  </PageList>
  <PageList>
    <ID>23</ID>
    <LabelMstID>CorpDomainMng</LabelMstID>
    <FieldName>SortBy</FieldName>
    <LabelID>lblSortBy1s</LabelID>
    <LabelName>SortBy</LabelName>
    <LangID>3</LangID>
    <COUNTRYID>8</COUNTRYID>
    <LANGDISP>fr-FR</LANGDISP>
    <Active>TRUE</Active>
  </PageList>
  <PageList>
    <ID>24</ID>
    <LabelMstID>CorpDomainMng</LabelMstID>
    <FieldName>SortBy</FieldName>
    <LabelID>lblSortBy2h</LabelID>
    <LabelName>سورتبي</LabelName>
    <LangID>2</LangID>
    <COUNTRYID>8</COUNTRYID>
    <LANGDISP>ar-KW</LANGDISP>
    <Active>TRUE</Active>
  </PageList>
  <PageList>
    <ID>25</ID>
    <LabelMstID>CorpDomainMng</LabelMstID>
    <FieldName>PublicY</FieldName>
    <LabelID>lblPublicY1s</LabelID>
    <LabelName>Public</LabelName>
    <LangID>1</LangID>
    <COUNTRYID>8</COUNTRYID>
    <LANGDISP>en-US</LANGDISP>
    <Active>TRUE</Active>
  </PageList>
  <PageList>
    <ID>26</ID>
    <LabelMstID>CorpDomainMng</LabelMstID>
    <FieldName>PublicY</FieldName>
    <LabelID>lblPublicY1s</LabelID>
    <LabelName>Indirecte</LabelName>
    <LangID>3</LangID>
    <COUNTRYID>8</COUNTRYID>
    <LANGDISP>fr-FR</LANGDISP>
    <Active>TRUE</Active>
  </PageList>
  <PageList>
    <ID>27</ID>
    <LabelMstID>CorpDomainMng</LabelMstID>
    <FieldName>PublicY</FieldName>
    <LabelID>lblPublicY2h</LabelID>
    <LabelName>بوبليسي</LabelName>
    <LangID>2</LangID>
    <COUNTRYID>8</COUNTRYID>
    <LANGDISP>ar-KW</LANGDISP>
    <Active>TRUE</Active>
  </PageList>
  <PageList>
    <ID>28</ID>
    <LabelMstID>CorpDomainMng</LabelMstID>
    <FieldName>Active</FieldName>
    <LabelID>lblActive1s</LabelID>
    <LabelName>Active</LabelName>
    <LangID>1</LangID>
    <COUNTRYID>8</COUNTRYID>
    <LANGDISP>en-US</LANGDISP>
    <Active>TRUE</Active>
  </PageList>
  <PageList>
    <ID>29</ID>
    <LabelMstID>CorpDomainMng</LabelMstID>
    <FieldName>Active</FieldName>
    <LabelID>lblActive1s</LabelID>
    <LabelName>Actif</LabelName>
    <LangID>3</LangID>
    <COUNTRYID>8</COUNTRYID>
    <LANGDISP>fr-FR</LANGDISP>
    <Active>TRUE</Active>
  </PageList>
  <PageList>
    <ID>30</ID>
    <LabelMstID>CorpDomainMng</LabelMstID>
    <FieldName>Active</FieldName>
    <LabelID>lblActive2h</LabelID>
    <LabelName>النشطة</LabelName>
    <LangID>2</LangID>
    <COUNTRYID>8</COUNTRYID>
    <LANGDISP>ar-KW</LANGDISP>
    <Active>TRUE</Active>
  </PageList>
  <PageList>
    <ID>31</ID>
    <LabelMstID>CorpDomainMng</LabelMstID>
    <FieldName>NULL</FieldName>
    <LabelID>lblHeader1s</LabelID>
    <LabelName>CorpDomainMng</LabelName>
    <LangID>1</LangID>
    <COUNTRYID>8</COUNTRYID>
    <LANGDISP>en-US</LANGDISP>
    <Active>TRUE</Active>
  </PageList>
  <PageList>
    <ID>32</ID>
    <LabelMstID>CorpDomainMng</LabelMstID>
    <FieldName>NULL</FieldName>
    <LabelID>lblHeader1s</LabelID>
    <LabelName>CorpDomainMng</LabelName>
    <LangID>3</LangID>
    <COUNTRYID>8</COUNTRYID>
    <LANGDISP>fr-FR</LANGDISP>
    <Active>TRUE</Active>
  </PageList>
  <PageList>
    <ID>33</ID>
    <LabelMstID>CorpDomainMng</LabelMstID>
    <FieldName>NULL</FieldName>
    <LabelID>lblHeader2h</LabelID>
    <LabelName>كوربدومينمنج</LabelName>
    <LangID>2</LangID>
    <COUNTRYID>8</COUNTRYID>
    <LANGDISP>ar-KW</LANGDISP>
    <Active>TRUE</Active>
  </PageList>
</TBLLabelDTL>