<?xml version="1.0" standalone="yes"?>
<TBLLabelDTL>
  <PageList>
    <ID>1</ID>
    <LabelMstID>CorporationProduct</LabelMstID>
    <FieldName>ID</FieldName>
    <LabelID>lblID1s</LabelID>
    <LabelName>ID</LabelName>
    <LangID>1</LangID>
    <COUNTRYID>8</COUNTRYID>
    <LANGDISP>en-US</LANGDISP>
    <Active>TRUE</Active>
  </PageList>
  <PageList>
    <ID>2</ID>
    <LabelMstID>CorporationProduct</LabelMstID>
    <FieldName>ID</FieldName>
    <LabelID>lblID1s</LabelID>
    <LabelName>ID</LabelName>
    <LangID>3</LangID>
    <COUNTRYID>8</COUNTRYID>
    <LANGDISP>fr-FR</LANGDISP>
    <Active>TRUE</Active>
  </PageList>
  <PageList>
    <ID>3</ID>
    <LabelMstID>CorporationProduct</LabelMstID>
    <FieldName>ID</FieldName>
    <LabelID>lblID2h</LabelID>
    <LabelName>معرف</LabelName>
    <LangID>2</LangID>
    <COUNTRYID>8</COUNTRYID>
    <LANGDISP>ar-KW</LANGDISP>
    <Active>TRUE</Active>
  </PageList>
  <PageList>
    <ID>4</ID>
    <LabelMstID>CorporationProduct</LabelMstID>
    <FieldName>ProductName</FieldName>
    <LabelID>lblProductName1s</LabelID>
    <LabelName>Product Name</LabelName>
    <LangID>1</LangID>
    <COUNTRYID>8</COUNTRYID>
    <LANGDISP>en-US</LANGDISP>
    <Active>TRUE</Active>
  </PageList>
  <PageList>
    <ID>5</ID>
    <LabelMstID>CorporationProduct</LabelMstID>
    <FieldName>ProductName</FieldName>
    <LabelID>lblProductName1s</LabelID>
    <LabelName>ProductName</LabelName>
    <LangID>3</LangID>
    <COUNTRYID>8</COUNTRYID>
    <LANGDISP>fr-FR</LANGDISP>
    <Active>TRUE</Active>
  </PageList>
  <PageList>
    <ID>6</ID>
    <LabelMstID>CorporationProduct</LabelMstID>
    <FieldName>ProductName</FieldName>
    <LabelID>lblProductName2h</LabelID>
    <LabelName>اسم المنتج</LabelName>
    <LangID>2</LangID>
    <COUNTRYID>8</COUNTRYID>
    <LANGDISP>ar-KW</LANGDISP>
    <Active>TRUE</Active>
  </PageList>
  <PageList>
    <ID>7</ID>
    <LabelMstID>CorporationProduct</LabelMstID>
    <FieldName>CategoryID</FieldName>
    <LabelID>lblCategoryID1s</LabelID>
    <LabelName>Category Name</LabelName>
    <LangID>1</LangID>
    <COUNTRYID>8</COUNTRYID>
    <LANGDISP>en-US</LANGDISP>
    <Active>TRUE</Active>
  </PageList>
  <PageList>
    <ID>8</ID>
    <LabelMstID>CorporationProduct</LabelMstID>
    <FieldName>CategoryID</FieldName>
    <LabelID>lblCategoryID1s</LabelID>
    <LabelName>Nom de la catégorie</LabelName>
    <LangID>3</LangID>
    <COUNTRYID>8</COUNTRYID>
    <LANGDISP>fr-FR</LANGDISP>
    <Active>TRUE</Active>
  </PageList>
  <PageList>
    <ID>9</ID>
    <LabelMstID>CorporationProduct</LabelMstID>
    <FieldName>CategoryID</FieldName>
    <LabelID>lblCategoryID2h</LabelID>
    <LabelName>اسم الفئة</LabelName>
    <LangID>2</LangID>
    <COUNTRYID>8</COUNTRYID>
    <LANGDISP>ar-KW</LANGDISP>
    <Active>TRUE</Active>
  </PageList>
  <PageList>
    <ID>10</ID>
    <LabelMstID>CorporationProduct</LabelMstID>
    <FieldName>Activated</FieldName>
    <LabelID>lblActivated1s</LabelID>
    <LabelName>CorporationProduct</LabelName>
    <LangID>1</LangID>
    <COUNTRYID>8</COUNTRYID>
    <LANGDISP>en-US</LANGDISP>
    <Active>TRUE</Active>
  </PageList>
  <PageList>
    <ID>11</ID>
    <LabelMstID>CorporationProduct</LabelMstID>
    <FieldName>Activated</FieldName>
    <LabelID>lblActivated1s</LabelID>
    <LabelName>Activé</LabelName>
    <LangID>3</LangID>
    <COUNTRYID>8</COUNTRYID>
    <LANGDISP>fr-FR</LANGDISP>
    <Active>TRUE</Active>
  </PageList>
  <PageList>
    <ID>12</ID>
    <LabelMstID>CorporationProduct</LabelMstID>
    <FieldName>Activated</FieldName>
    <LabelID>lblActivated2h</LabelID>
    <LabelName>تنشيط</LabelName>
    <LangID>2</LangID>
    <COUNTRYID>8</COUNTRYID>
    <LANGDISP>ar-KW</LANGDISP>
    <Active>TRUE</Active>
  </PageList>
  <PageList>
    <ID>13</ID>
    <LabelMstID>CorporationProduct</LabelMstID>
    <FieldName>Deleted</FieldName>
    <LabelID>lblDeleted1s</LabelID>
    <LabelName>CorporationProduct</LabelName>
    <LangID>1</LangID>
    <COUNTRYID>8</COUNTRYID>
    <LANGDISP>en-US</LANGDISP>
    <Active>TRUE</Active>
  </PageList>
  <PageList>
    <ID>14</ID>
    <LabelMstID>CorporationProduct</LabelMstID>
    <FieldName>Deleted</FieldName>
    <LabelID>lblDeleted1s</LabelID>
    <LabelName>Supprimé</LabelName>
    <LangID>3</LangID>
    <COUNTRYID>8</COUNTRYID>
    <LANGDISP>fr-FR</LANGDISP>
    <Active>TRUE</Active>
  </PageList>
  <PageList>
    <ID>15</ID>
    <LabelMstID>CorporationProduct</LabelMstID>
    <FieldName>Deleted</FieldName>
    <LabelID>lblDeleted2h</LabelID>
    <LabelName>حذف</LabelName>
    <LangID>2</LangID>
    <COUNTRYID>8</COUNTRYID>
    <LANGDISP>ar-KW</LANGDISP>
    <Active>TRUE</Active>
  </PageList>
  <PageList>
    <ID>16</ID>
    <LabelMstID>CorporationProduct</LabelMstID>
    <FieldName>DateTime</FieldName>
    <LabelID>lblDateTime1s</LabelID>
    <LabelName>CorporationProduct</LabelName>
    <LangID>1</LangID>
    <COUNTRYID>8</COUNTRYID>
    <LANGDISP>en-US</LANGDISP>
    <Active>TRUE</Active>
  </PageList>
  <PageList>
    <ID>17</ID>
    <LabelMstID>CorporationProduct</LabelMstID>
    <FieldName>DateTime</FieldName>
    <LabelID>lblDateTime1s</LabelID>
    <LabelName>DateTime</LabelName>
    <LangID>3</LangID>
    <COUNTRYID>8</COUNTRYID>
    <LANGDISP>fr-FR</LANGDISP>
    <Active>TRUE</Active>
  </PageList>
  <PageList>
    <ID>18</ID>
    <LabelMstID>CorporationProduct</LabelMstID>
    <FieldName>DateTime</FieldName>
    <LabelID>lblDateTime2h</LabelID>
    <LabelName>التاريخ والوقت</LabelName>
    <LangID>2</LangID>
    <COUNTRYID>8</COUNTRYID>
    <LANGDISP>ar-KW</LANGDISP>
    <Active>TRUE</Active>
  </PageList>
  <PageList>
    <ID>19</ID>
    <LabelMstID>CorporationProduct</LabelMstID>
    <FieldName>CreatedBy</FieldName>
    <LabelID>lblCreatedBy1s</LabelID>
    <LabelName>CorporationProduct</LabelName>
    <LangID>1</LangID>
    <COUNTRYID>8</COUNTRYID>
    <LANGDISP>en-US</LANGDISP>
    <Active>TRUE</Active>
  </PageList>
  <PageList>
    <ID>20</ID>
    <LabelMstID>CorporationProduct</LabelMstID>
    <FieldName>CreatedBy</FieldName>
    <LabelID>lblCreatedBy1s</LabelID>
    <LabelName>CreatedBy</LabelName>
    <LangID>3</LangID>
    <COUNTRYID>8</COUNTRYID>
    <LANGDISP>fr-FR</LANGDISP>
    <Active>TRUE</Active>
  </PageList>
  <PageList>
    <ID>21</ID>
    <LabelMstID>CorporationProduct</LabelMstID>
    <FieldName>CreatedBy</FieldName>
    <LabelID>lblCreatedBy2h</LabelID>
    <LabelName>Createdby</LabelName>
    <LangID>2</LangID>
    <COUNTRYID>8</COUNTRYID>
    <LANGDISP>ar-KW</LANGDISP>
    <Active>TRUE</Active>
  </PageList>
  <PageList>
    <ID>22</ID>
    <LabelMstID>CorporationProduct</LabelMstID>
    <FieldName>NULL</FieldName>
    <LabelID>lblHeader1s</LabelID>
    <LabelName>CorporationProduct</LabelName>
    <LangID>1</LangID>
    <COUNTRYID>8</COUNTRYID>
    <LANGDISP>en-US</LANGDISP>
    <Active>TRUE</Active>
  </PageList>
  <PageList>
    <ID>23</ID>
    <LabelMstID>CorporationProduct</LabelMstID>
    <FieldName>NULL</FieldName>
    <LabelID>lblHeader1s</LabelID>
    <LabelName>CorporationProduct</LabelName>
    <LangID>3</LangID>
    <COUNTRYID>8</COUNTRYID>
    <LANGDISP>fr-FR</LANGDISP>
    <Active>TRUE</Active>
  </PageList>
  <PageList>
    <ID>24</ID>
    <LabelMstID>CorporationProduct</LabelMstID>
    <FieldName>NULL</FieldName>
    <LabelID>lblHeader2h</LabelID>
    <LabelName>كوربوراتيونبرودوكت</LabelName>
    <LangID>2</LangID>
    <COUNTRYID>8</COUNTRYID>
    <LANGDISP>ar-KW</LANGDISP>
    <Active>TRUE</Active>
  </PageList>
</TBLLabelDTL>