<?xml version="1.0" standalone="yes"?>
<TBLLabelDTL>
  <PageList>
    <ID>1</ID>
    <LabelMstID>ERP_WEB_USER_MST</LabelMstID>
    <FieldName>TENANT_ID</FieldName>
    <LabelID>lblTENANT_ID1s</LabelID>
    <LabelName>USER_MST</LabelName>
    <LangID>1</LangID>
    <COUNTRYID>8</COUNTRYID>
    <LANGDISP>en-US</LANGDISP>
    <Active>TRUE</Active>
  </PageList>
  <PageList>
    <ID>2</ID>
    <LabelMstID>ERP_WEB_USER_MST</LabelMstID>
    <FieldName>TENANT_ID</FieldName>
    <LabelID>lblTENANT_ID1s</LabelID>
    <LabelName>Nom du locataire</LabelName>
    <LangID>3</LangID>
    <COUNTRYID>8</COUNTRYID>
    <LANGDISP>fr-FR</LANGDISP>
    <Active>TRUE</Active>
  </PageList>
  <PageList>
    <ID>3</ID>
    <LabelMstID>ERP_WEB_USER_MST</LabelMstID>
    <FieldName>TENANT_ID</FieldName>
    <LabelID>lblTENANT_ID2h</LabelID>
    <LabelName>اسم المستأجر</LabelName>
    <LangID>2</LangID>
    <COUNTRYID>8</COUNTRYID>
    <LANGDISP>ar-KW</LANGDISP>
    <Active>TRUE</Active>
  </PageList>
  <PageList>
    <ID>4</ID>
    <LabelMstID>ERP_WEB_USER_MST</LabelMstID>
    <FieldName>USER_DETAIL_ID</FieldName>
    <LabelID>lblUSER_DETAIL_ID1s</LabelID>
    <LabelName>ERP_WEB_USER_MST</LabelName>
    <LangID>1</LangID>
    <COUNTRYID>8</COUNTRYID>
    <LANGDISP>en-US</LANGDISP>
    <Active>TRUE</Active>
  </PageList>
  <PageList>
    <ID>5</ID>
    <LabelMstID>ERP_WEB_USER_MST</LabelMstID>
    <FieldName>USER_DETAIL_ID</FieldName>
    <LabelID>lblUSER_DETAIL_ID1s</LabelID>
    <LabelName>Nom d'utilisateur en détail</LabelName>
    <LangID>3</LangID>
    <COUNTRYID>8</COUNTRYID>
    <LANGDISP>fr-FR</LANGDISP>
    <Active>TRUE</Active>
  </PageList>
  <PageList>
    <ID>6</ID>
    <LabelMstID>ERP_WEB_USER_MST</LabelMstID>
    <FieldName>USER_DETAIL_ID</FieldName>
    <LabelID>lblUSER_DETAIL_ID2h</LabelID>
    <LabelName>تفاصيل اسم المستخدم</LabelName>
    <LangID>2</LangID>
    <COUNTRYID>8</COUNTRYID>
    <LANGDISP>ar-KW</LANGDISP>
    <Active>TRUE</Active>
  </PageList>
  <PageList>
    <ID>7</ID>
    <LabelMstID>ERP_WEB_USER_MST</LabelMstID>
    <FieldName>FIRST_NAME</FieldName>
    <LabelID>lblFIRST_NAME1s</LabelID>
    <LabelName>First Name English</LabelName>
    <LangID>1</LangID>
    <COUNTRYID>8</COUNTRYID>
    <LANGDISP>en-US</LANGDISP>
    <Active>TRUE</Active>
  </PageList>
  <PageList>
    <ID>8</ID>
    <LabelMstID>ERP_WEB_USER_MST</LabelMstID>
    <FieldName>FIRST_NAME</FieldName>
    <LabelID>lblFIRST_NAME1s</LabelID>
    <LabelName>Prénom</LabelName>
    <LangID>3</LangID>
    <COUNTRYID>8</COUNTRYID>
    <LANGDISP>fr-FR</LANGDISP>
    <Active>TRUE</Active>
  </PageList>
  <PageList>
    <ID>9</ID>
    <LabelMstID>ERP_WEB_USER_MST</LabelMstID>
    <FieldName>FIRST_NAME French</FieldName>
    <LabelID>lblFIRST_NAME2h</LabelID>
    <LabelName>الاسم الأول</LabelName>
    <LangID>2</LangID>
    <COUNTRYID>8</COUNTRYID>
    <LANGDISP>ar-KW</LANGDISP>
    <Active>TRUE</Active>
  </PageList>
  <PageList>
    <ID>10</ID>
    <LabelMstID>ERP_WEB_USER_MST</LabelMstID>
    <FieldName>LAST_NAME</FieldName>
    <LabelID>lblLAST_NAME1s</LabelID>
    <LabelName>Last Name English</LabelName>
    <LangID>1</LangID>
    <COUNTRYID>8</COUNTRYID>
    <LANGDISP>en-US</LANGDISP>
    <Active>TRUE</Active>
  </PageList>
  <PageList>
    <ID>11</ID>
    <LabelMstID>ERP_WEB_USER_MST</LabelMstID>
    <FieldName>LAST_NAME</FieldName>
    <LabelID>lblLAST_NAME1s</LabelID>
    <LabelName>Nom de famille</LabelName>
    <LangID>3</LangID>
    <COUNTRYID>8</COUNTRYID>
    <LANGDISP>fr-FR</LANGDISP>
    <Active>TRUE</Active>
  </PageList>
  <PageList>
    <ID>12</ID>
    <LabelMstID>ERP_WEB_USER_MST</LabelMstID>
    <FieldName>LAST_NAME</FieldName>
    <LabelID>lblLAST_NAME2h</LabelID>
    <LabelName>الاسم الأخير</LabelName>
    <LangID>2</LangID>
    <COUNTRYID>8</COUNTRYID>
    <LANGDISP>ar-KW</LANGDISP>
    <Active>TRUE</Active>
  </PageList>
  <PageList>
    <ID>13</ID>
    <LabelMstID>ERP_WEB_USER_MST</LabelMstID>
    <FieldName>FIRST_NAME1</FieldName>
    <LabelID>lblFIRST_NAME11s</LabelID>
    <LabelName>First Name Arabic</LabelName>
    <LangID>1</LangID>
    <COUNTRYID>8</COUNTRYID>
    <LANGDISP>en-US</LANGDISP>
    <Active>TRUE</Active>
  </PageList>
  <PageList>
    <ID>14</ID>
    <LabelMstID>ERP_WEB_USER_MST</LabelMstID>
    <FieldName>FIRST_NAME1</FieldName>
    <LabelID>lblFIRST_NAME11s</LabelID>
    <LabelName>Prénom 2</LabelName>
    <LangID>3</LangID>
    <COUNTRYID>8</COUNTRYID>
    <LANGDISP>fr-FR</LANGDISP>
    <Active>TRUE</Active>
  </PageList>
  <PageList>
    <ID>15</ID>
    <LabelMstID>ERP_WEB_USER_MST</LabelMstID>
    <FieldName>FIRST_NAME1</FieldName>
    <LabelID>lblFIRST_NAME12h</LabelID>
    <LabelName>الاسم الأول 2</LabelName>
    <LangID>2</LangID>
    <COUNTRYID>8</COUNTRYID>
    <LANGDISP>ar-KW</LANGDISP>
    <Active>TRUE</Active>
  </PageList>
  <PageList>
    <ID>16</ID>
    <LabelMstID>ERP_WEB_USER_MST</LabelMstID>
    <FieldName>LAST_NAME1</FieldName>
    <LabelID>lblLAST_NAME11s</LabelID>
    <LabelName>Last Name Arabic</LabelName>
    <LangID>1</LangID>
    <COUNTRYID>8</COUNTRYID>
    <LANGDISP>en-US</LANGDISP>
    <Active>TRUE</Active>
  </PageList>
  <PageList>
    <ID>17</ID>
    <LabelMstID>ERP_WEB_USER_MST</LabelMstID>
    <FieldName>LAST_NAME1</FieldName>
    <LabelID>lblLAST_NAME11s</LabelID>
    <LabelName>Le nom 2</LabelName>
    <LangID>3</LangID>
    <COUNTRYID>8</COUNTRYID>
    <LANGDISP>fr-FR</LANGDISP>
    <Active>TRUE</Active>
  </PageList>
  <PageList>
    <ID>18</ID>
    <LabelMstID>ERP_WEB_USER_MST</LabelMstID>
    <FieldName>LAST_NAME1</FieldName>
    <LabelID>lblLAST_NAME12h</LabelID>
    <LabelName>2 اسم العائلة</LabelName>
    <LangID>2</LangID>
    <COUNTRYID>8</COUNTRYID>
    <LANGDISP>ar-KW</LANGDISP>
    <Active>TRUE</Active>
  </PageList>
  <PageList>
    <ID>19</ID>
    <LabelMstID>ERP_WEB_USER_MST</LabelMstID>
    <FieldName>FIRST_NAME2</FieldName>
    <LabelID>lblFIRST_NAME21s</LabelID>
    <LabelName>First Name 3</LabelName>
    <LangID>1</LangID>
    <COUNTRYID>8</COUNTRYID>
    <LANGDISP>en-US</LANGDISP>
    <Active>TRUE</Active>
  </PageList>
  <PageList>
    <ID>20</ID>
    <LabelMstID>ERP_WEB_USER_MST</LabelMstID>
    <FieldName>FIRST_NAME2</FieldName>
    <LabelID>lblFIRST_NAME21s</LabelID>
    <LabelName>Prénom 3</LabelName>
    <LangID>3</LangID>
    <COUNTRYID>8</COUNTRYID>
    <LANGDISP>fr-FR</LANGDISP>
    <Active>TRUE</Active>
  </PageList>
  <PageList>
    <ID>21</ID>
    <LabelMstID>ERP_WEB_USER_MST</LabelMstID>
    <FieldName>FIRST_NAME2</FieldName>
    <LabelID>lblFIRST_NAME22h</LabelID>
    <LabelName>الاسم الأول 3</LabelName>
    <LangID>2</LangID>
    <COUNTRYID>8</COUNTRYID>
    <LANGDISP>ar-KW</LANGDISP>
    <Active>TRUE</Active>
  </PageList>
  <PageList>
    <ID>22</ID>
    <LabelMstID>ERP_WEB_USER_MST</LabelMstID>
    <FieldName>LAST_NAME2</FieldName>
    <LabelID>lblLAST_NAME21s</LabelID>
    <LabelName>Last Name 3</LabelName>
    <LangID>1</LangID>
    <COUNTRYID>8</COUNTRYID>
    <LANGDISP>en-US</LANGDISP>
    <Active>TRUE</Active>
  </PageList>
  <PageList>
    <ID>23</ID>
    <LabelMstID>ERP_WEB_USER_MST</LabelMstID>
    <FieldName>LAST_NAME2</FieldName>
    <LabelID>lblLAST_NAME21s</LabelID>
    <LabelName>Le nom 3</LabelName>
    <LangID>3</LangID>
    <COUNTRYID>8</COUNTRYID>
    <LANGDISP>fr-FR</LANGDISP>
    <Active>TRUE</Active>
  </PageList>
  <PageList>
    <ID>24</ID>
    <LabelMstID>ERP_WEB_USER_MST</LabelMstID>
    <FieldName>LAST_NAME2</FieldName>
    <LabelID>lblLAST_NAME22h</LabelID>
    <LabelName>الاسم 3 الأخير</LabelName>
    <LangID>2</LangID>
    <COUNTRYID>8</COUNTRYID>
    <LANGDISP>ar-KW</LANGDISP>
    <Active>TRUE</Active>
  </PageList>
  <PageList>
    <ID>25</ID>
    <LabelMstID>ERP_WEB_USER_MST</LabelMstID>
    <FieldName>COUNTRY_CODE</FieldName>
    <LabelID>lblCOUNTRY_CODE1s</LabelID>
    <LabelName>Country Code</LabelName>
    <LangID>1</LangID>
    <COUNTRYID>8</COUNTRYID>
    <LANGDISP>en-US</LANGDISP>
    <Active>TRUE</Active>
  </PageList>
  <PageList>
    <ID>26</ID>
    <LabelMstID>ERP_WEB_USER_MST</LabelMstID>
    <FieldName>COUNTRY_CODE</FieldName>
    <LabelID>lblCOUNTRY_CODE1s</LabelID>
    <LabelName>Code du pays</LabelName>
    <LangID>3</LangID>
    <COUNTRYID>8</COUNTRYID>
    <LANGDISP>fr-FR</LANGDISP>
    <Active>TRUE</Active>
  </PageList>
  <PageList>
    <ID>27</ID>
    <LabelMstID>ERP_WEB_USER_MST</LabelMstID>
    <FieldName>COUNTRY_CODE</FieldName>
    <LabelID>lblCOUNTRY_CODE2h</LabelID>
    <LabelName>رمز البلد</LabelName>
    <LangID>2</LangID>
    <COUNTRYID>8</COUNTRYID>
    <LANGDISP>ar-KW</LANGDISP>
    <Active>TRUE</Active>
  </PageList>
  <PageList>
    <ID>28</ID>
    <LabelMstID>ERP_WEB_USER_MST</LabelMstID>
    <FieldName>TITLE</FieldName>
    <LabelID>lblTITLE1s</LabelID>
    <LabelName>Title</LabelName>
    <LangID>1</LangID>
    <COUNTRYID>8</COUNTRYID>
    <LANGDISP>en-US</LANGDISP>
    <Active>TRUE</Active>
  </PageList>
  <PageList>
    <ID>29</ID>
    <LabelMstID>ERP_WEB_USER_MST</LabelMstID>
    <FieldName>TITLE</FieldName>
    <LabelID>lblTITLE1s</LabelID>
    <LabelName>Titre</LabelName>
    <LangID>3</LangID>
    <COUNTRYID>8</COUNTRYID>
    <LANGDISP>fr-FR</LANGDISP>
    <Active>TRUE</Active>
  </PageList>
  <PageList>
    <ID>30</ID>
    <LabelMstID>ERP_WEB_USER_MST</LabelMstID>
    <FieldName>TITLE</FieldName>
    <LabelID>lblTITLE2h</LabelID>
    <LabelName>العنوان</LabelName>
    <LangID>2</LangID>
    <COUNTRYID>8</COUNTRYID>
    <LANGDISP>ar-KW</LANGDISP>
    <Active>TRUE</Active>
  </PageList>
  <PageList>
    <ID>31</ID>
    <LabelMstID>ERP_WEB_USER_MST</LabelMstID>
    <FieldName>HOUSE_NO</FieldName>
    <LabelID>lblHOUSE_NO1s</LabelID>
    <LabelName>House No</LabelName>
    <LangID>1</LangID>
    <COUNTRYID>8</COUNTRYID>
    <LANGDISP>en-US</LANGDISP>
    <Active>TRUE</Active>
  </PageList>
  <PageList>
    <ID>32</ID>
    <LabelMstID>ERP_WEB_USER_MST</LabelMstID>
    <FieldName>HOUSE_NO</FieldName>
    <LabelID>lblHOUSE_NO1s</LabelID>
    <LabelName>Maison non</LabelName>
    <LangID>3</LangID>
    <COUNTRYID>8</COUNTRYID>
    <LANGDISP>fr-FR</LANGDISP>
    <Active>TRUE</Active>
  </PageList>
  <PageList>
    <ID>33</ID>
    <LabelMstID>ERP_WEB_USER_MST</LabelMstID>
    <FieldName>HOUSE_NO</FieldName>
    <LabelID>lblHOUSE_NO2h</LabelID>
    <LabelName>لا البيت</LabelName>
    <LangID>2</LangID>
    <COUNTRYID>8</COUNTRYID>
    <LANGDISP>ar-KW</LANGDISP>
    <Active>TRUE</Active>
  </PageList>
  <PageList>
    <ID>34</ID>
    <LabelMstID>ERP_WEB_USER_MST</LabelMstID>
    <FieldName>STREET</FieldName>
    <LabelID>lblSTREET1s</LabelID>
    <LabelName>Street</LabelName>
    <LangID>1</LangID>
    <COUNTRYID>8</COUNTRYID>
    <LANGDISP>en-US</LANGDISP>
    <Active>TRUE</Active>
  </PageList>
  <PageList>
    <ID>35</ID>
    <LabelMstID>ERP_WEB_USER_MST</LabelMstID>
    <FieldName>STREET</FieldName>
    <LabelID>lblSTREET1s</LabelID>
    <LabelName>Rue</LabelName>
    <LangID>3</LangID>
    <COUNTRYID>8</COUNTRYID>
    <LANGDISP>fr-FR</LANGDISP>
    <Active>TRUE</Active>
  </PageList>
  <PageList>
    <ID>36</ID>
    <LabelMstID>ERP_WEB_USER_MST</LabelMstID>
    <FieldName>STREET</FieldName>
    <LabelID>lblSTREET2h</LabelID>
    <LabelName>شارع</LabelName>
    <LangID>2</LangID>
    <COUNTRYID>8</COUNTRYID>
    <LANGDISP>ar-KW</LANGDISP>
    <Active>TRUE</Active>
  </PageList>
  <PageList>
    <ID>37</ID>
    <LabelMstID>ERP_WEB_USER_MST</LabelMstID>
    <FieldName>ADDRESS1</FieldName>
    <LabelID>lblADDRESS11s</LabelID>
    <LabelName>Address 1</LabelName>
    <LangID>1</LangID>
    <COUNTRYID>8</COUNTRYID>
    <LANGDISP>en-US</LANGDISP>
    <Active>TRUE</Active>
  </PageList>
  <PageList>
    <ID>38</ID>
    <LabelMstID>ERP_WEB_USER_MST</LabelMstID>
    <FieldName>ADDRESS1</FieldName>
    <LabelID>lblADDRESS11s</LabelID>
    <LabelName>Adresse 1</LabelName>
    <LangID>3</LangID>
    <COUNTRYID>8</COUNTRYID>
    <LANGDISP>fr-FR</LANGDISP>
    <Active>TRUE</Active>
  </PageList>
  <PageList>
    <ID>39</ID>
    <LabelMstID>ERP_WEB_USER_MST</LabelMstID>
    <FieldName>ADDRESS1</FieldName>
    <LabelID>lblADDRESS12h</LabelID>
    <LabelName>العنوان 1</LabelName>
    <LangID>2</LangID>
    <COUNTRYID>8</COUNTRYID>
    <LANGDISP>ar-KW</LANGDISP>
    <Active>TRUE</Active>
  </PageList>
  <PageList>
    <ID>40</ID>
    <LabelMstID>ERP_WEB_USER_MST</LabelMstID>
    <FieldName>ADDRESS2</FieldName>
    <LabelID>lblADDRESS21s</LabelID>
    <LabelName>Address 2</LabelName>
    <LangID>1</LangID>
    <COUNTRYID>8</COUNTRYID>
    <LANGDISP>en-US</LANGDISP>
    <Active>TRUE</Active>
  </PageList>
  <PageList>
    <ID>41</ID>
    <LabelMstID>ERP_WEB_USER_MST</LabelMstID>
    <FieldName>ADDRESS2</FieldName>
    <LabelID>lblADDRESS21s</LabelID>
    <LabelName>Adresse 2</LabelName>
    <LangID>3</LangID>
    <COUNTRYID>8</COUNTRYID>
    <LANGDISP>fr-FR</LANGDISP>
    <Active>TRUE</Active>
  </PageList>
  <PageList>
    <ID>42</ID>
    <LabelMstID>ERP_WEB_USER_MST</LabelMstID>
    <FieldName>ADDRESS2</FieldName>
    <LabelID>lblADDRESS22h</LabelID>
    <LabelName>العنوان 2</LabelName>
    <LangID>2</LangID>
    <COUNTRYID>8</COUNTRYID>
    <LANGDISP>ar-KW</LANGDISP>
    <Active>TRUE</Active>
  </PageList>
  <PageList>
    <ID>43</ID>
    <LabelMstID>ERP_WEB_USER_MST</LabelMstID>
    <FieldName>CITY</FieldName>
    <LabelID>lblCITY1s</LabelID>
    <LabelName>City</LabelName>
    <LangID>1</LangID>
    <COUNTRYID>8</COUNTRYID>
    <LANGDISP>en-US</LANGDISP>
    <Active>TRUE</Active>
  </PageList>
  <PageList>
    <ID>44</ID>
    <LabelMstID>ERP_WEB_USER_MST</LabelMstID>
    <FieldName>CITY</FieldName>
    <LabelID>lblCITY1s</LabelID>
    <LabelName>Ville</LabelName>
    <LangID>3</LangID>
    <COUNTRYID>8</COUNTRYID>
    <LANGDISP>fr-FR</LANGDISP>
    <Active>TRUE</Active>
  </PageList>
  <PageList>
    <ID>45</ID>
    <LabelMstID>ERP_WEB_USER_MST</LabelMstID>
    <FieldName>CITY</FieldName>
    <LabelID>lblCITY2h</LabelID>
    <LabelName>مدينة</LabelName>
    <LangID>2</LangID>
    <COUNTRYID>8</COUNTRYID>
    <LANGDISP>ar-KW</LANGDISP>
    <Active>TRUE</Active>
  </PageList>
  <PageList>
    <ID>46</ID>
    <LabelMstID>ERP_WEB_USER_MST</LabelMstID>
    <FieldName>COUNTRY</FieldName>
    <LabelID>lblCOUNTRY1s</LabelID>
    <LabelName>Country</LabelName>
    <LangID>1</LangID>
    <COUNTRYID>8</COUNTRYID>
    <LANGDISP>en-US</LANGDISP>
    <Active>TRUE</Active>
  </PageList>
  <PageList>
    <ID>47</ID>
    <LabelMstID>ERP_WEB_USER_MST</LabelMstID>
    <FieldName>COUNTRY</FieldName>
    <LabelID>lblCOUNTRY1s</LabelID>
    <LabelName>Pays</LabelName>
    <LangID>3</LangID>
    <COUNTRYID>8</COUNTRYID>
    <LANGDISP>fr-FR</LANGDISP>
    <Active>TRUE</Active>
  </PageList>
  <PageList>
    <ID>48</ID>
    <LabelMstID>ERP_WEB_USER_MST</LabelMstID>
    <FieldName>COUNTRY</FieldName>
    <LabelID>lblCOUNTRY2h</LabelID>
    <LabelName>البلد</LabelName>
    <LangID>2</LangID>
    <COUNTRYID>8</COUNTRYID>
    <LANGDISP>ar-KW</LANGDISP>
    <Active>TRUE</Active>
  </PageList>
  <PageList>
    <ID>49</ID>
    <LabelMstID>ERP_WEB_USER_MST</LabelMstID>
    <FieldName>STATE</FieldName>
    <LabelID>lblSTATE1s</LabelID>
    <LabelName>State</LabelName>
    <LangID>1</LangID>
    <COUNTRYID>8</COUNTRYID>
    <LANGDISP>en-US</LANGDISP>
    <Active>TRUE</Active>
  </PageList>
  <PageList>
    <ID>50</ID>
    <LabelMstID>ERP_WEB_USER_MST</LabelMstID>
    <FieldName>STATE</FieldName>
    <LabelID>lblSTATE1s</LabelID>
    <LabelName>État</LabelName>
    <LangID>3</LangID>
    <COUNTRYID>8</COUNTRYID>
    <LANGDISP>fr-FR</LANGDISP>
    <Active>TRUE</Active>
  </PageList>
  <PageList>
    <ID>51</ID>
    <LabelMstID>ERP_WEB_USER_MST</LabelMstID>
    <FieldName>STATE</FieldName>
    <LabelID>lblSTATE2h</LabelID>
    <LabelName>الدولة</LabelName>
    <LangID>2</LangID>
    <COUNTRYID>8</COUNTRYID>
    <LANGDISP>ar-KW</LANGDISP>
    <Active>TRUE</Active>
  </PageList>
  <PageList>
    <ID>52</ID>
    <LabelMstID>ERP_WEB_USER_MST</LabelMstID>
    <FieldName>ZIP</FieldName>
    <LabelID>lblZIP1s</LabelID>
    <LabelName>Zip</LabelName>
    <LangID>1</LangID>
    <COUNTRYID>8</COUNTRYID>
    <LANGDISP>en-US</LANGDISP>
    <Active>TRUE</Active>
  </PageList>
  <PageList>
    <ID>53</ID>
    <LabelMstID>ERP_WEB_USER_MST</LabelMstID>
    <FieldName>ZIP</FieldName>
    <LabelID>lblZIP1s</LabelID>
    <LabelName>Zip</LabelName>
    <LangID>3</LangID>
    <COUNTRYID>8</COUNTRYID>
    <LANGDISP>fr-FR</LANGDISP>
    <Active>TRUE</Active>
  </PageList>
  <PageList>
    <ID>54</ID>
    <LabelMstID>ERP_WEB_USER_MST</LabelMstID>
    <FieldName>ZIP</FieldName>
    <LabelID>lblZIP2h</LabelID>
    <LabelName>الرمز البريدي</LabelName>
    <LangID>2</LangID>
    <COUNTRYID>8</COUNTRYID>
    <LANGDISP>ar-KW</LANGDISP>
    <Active>TRUE</Active>
  </PageList>
  <PageList>
    <ID>55</ID>
    <LabelMstID>ERP_WEB_USER_MST</LabelMstID>
    <FieldName>PH_NO</FieldName>
    <LabelID>lblPH_NO1s</LabelID>
    <LabelName>Phone No</LabelName>
    <LangID>1</LangID>
    <COUNTRYID>8</COUNTRYID>
    <LANGDISP>en-US</LANGDISP>
    <Active>TRUE</Active>
  </PageList>
  <PageList>
    <ID>56</ID>
    <LabelMstID>ERP_WEB_USER_MST</LabelMstID>
    <FieldName>PH_NO</FieldName>
    <LabelID>lblPH_NO1s</LabelID>
    <LabelName>Téléphone non</LabelName>
    <LangID>3</LangID>
    <COUNTRYID>8</COUNTRYID>
    <LANGDISP>fr-FR</LANGDISP>
    <Active>TRUE</Active>
  </PageList>
  <PageList>
    <ID>57</ID>
    <LabelMstID>ERP_WEB_USER_MST</LabelMstID>
    <FieldName>PH_NO</FieldName>
    <LabelID>lblPH_NO2h</LabelID>
    <LabelName>رقم الهاتف</LabelName>
    <LangID>2</LangID>
    <COUNTRYID>8</COUNTRYID>
    <LANGDISP>ar-KW</LANGDISP>
    <Active>TRUE</Active>
  </PageList>
  <PageList>
    <ID>58</ID>
    <LabelMstID>ERP_WEB_USER_MST</LabelMstID>
    <FieldName>FAX_NO</FieldName>
    <LabelID>lblFAX_NO1s</LabelID>
    <LabelName>Fax No</LabelName>
    <LangID>1</LangID>
    <COUNTRYID>8</COUNTRYID>
    <LANGDISP>en-US</LANGDISP>
    <Active>TRUE</Active>
  </PageList>
  <PageList>
    <ID>59</ID>
    <LabelMstID>ERP_WEB_USER_MST</LabelMstID>
    <FieldName>FAX_NO</FieldName>
    <LabelID>lblFAX_NO1s</LabelID>
    <LabelName>Télécopie</LabelName>
    <LangID>3</LangID>
    <COUNTRYID>8</COUNTRYID>
    <LANGDISP>fr-FR</LANGDISP>
    <Active>TRUE</Active>
  </PageList>
  <PageList>
    <ID>60</ID>
    <LabelMstID>ERP_WEB_USER_MST</LabelMstID>
    <FieldName>FAX_NO</FieldName>
    <LabelID>lblFAX_NO2h</LabelID>
    <LabelName>رقم الفاكس</LabelName>
    <LangID>2</LangID>
    <COUNTRYID>8</COUNTRYID>
    <LANGDISP>ar-KW</LANGDISP>
    <Active>TRUE</Active>
  </PageList>
  <PageList>
    <ID>61</ID>
    <LabelMstID>ERP_WEB_USER_MST</LabelMstID>
    <FieldName>FROM_REG_DT</FieldName>
    <LabelID>lblFROM_REG_DT1s</LabelID>
    <LabelName>ERP_WEB_USER_MST</LabelName>
    <LangID>1</LangID>
    <COUNTRYID>8</COUNTRYID>
    <LANGDISP>en-US</LANGDISP>
    <Active>TRUE</Active>
  </PageList>
  <PageList>
    <ID>62</ID>
    <LabelMstID>ERP_WEB_USER_MST</LabelMstID>
    <FieldName>FROM_REG_DT</FieldName>
    <LabelID>lblFROM_REG_DT1s</LabelID>
    <LabelName>Depuis reg dt</LabelName>
    <LangID>3</LangID>
    <COUNTRYID>8</COUNTRYID>
    <LANGDISP>fr-FR</LANGDISP>
    <Active>TRUE</Active>
  </PageList>
  <PageList>
    <ID>63</ID>
    <LabelMstID>ERP_WEB_USER_MST</LabelMstID>
    <FieldName>FROM_REG_DT</FieldName>
    <LabelID>lblFROM_REG_DT2h</LabelID>
    <LabelName>من ريج dt</LabelName>
    <LangID>2</LangID>
    <COUNTRYID>8</COUNTRYID>
    <LANGDISP>ar-KW</LANGDISP>
    <Active>TRUE</Active>
  </PageList>
  <PageList>
    <ID>64</ID>
    <LabelMstID>ERP_WEB_USER_MST</LabelMstID>
    <FieldName>VILLAGE_TOWN_CITY</FieldName>
    <LabelID>lblVILLAGE_TOWN_CITY1s</LabelID>
    <LabelName>Village Town City</LabelName>
    <LangID>1</LangID>
    <COUNTRYID>8</COUNTRYID>
    <LANGDISP>en-US</LANGDISP>
    <Active>TRUE</Active>
  </PageList>
  <PageList>
    <ID>65</ID>
    <LabelMstID>ERP_WEB_USER_MST</LabelMstID>
    <FieldName>VILLAGE_TOWN_CITY</FieldName>
    <LabelID>lblVILLAGE_TOWN_CITY1s</LabelID>
    <LabelName>Ville du village</LabelName>
    <LangID>3</LangID>
    <COUNTRYID>8</COUNTRYID>
    <LANGDISP>fr-FR</LANGDISP>
    <Active>TRUE</Active>
  </PageList>
  <PageList>
    <ID>66</ID>
    <LabelMstID>ERP_WEB_USER_MST</LabelMstID>
    <FieldName>VILLAGE_TOWN_CITY</FieldName>
    <LabelID>lblVILLAGE_TOWN_CITY2h</LabelID>
    <LabelName>قرية المدينة</LabelName>
    <LangID>2</LangID>
    <COUNTRYID>8</COUNTRYID>
    <LANGDISP>ar-KW</LANGDISP>
    <Active>TRUE</Active>
  </PageList>
  <PageList>
    <ID>67</ID>
    <LabelMstID>ERP_WEB_USER_MST</LabelMstID>
    <FieldName>TEHSIL</FieldName>
    <LabelID>lblTEHSIL1s</LabelID>
    <LabelName>Tehsil</LabelName>
    <LangID>1</LangID>
    <COUNTRYID>8</COUNTRYID>
    <LANGDISP>en-US</LANGDISP>
    <Active>TRUE</Active>
  </PageList>
  <PageList>
    <ID>68</ID>
    <LabelMstID>ERP_WEB_USER_MST</LabelMstID>
    <FieldName>TEHSIL</FieldName>
    <LabelID>lblTEHSIL1s</LabelID>
    <LabelName>Tehsil</LabelName>
    <LangID>3</LangID>
    <COUNTRYID>8</COUNTRYID>
    <LANGDISP>fr-FR</LANGDISP>
    <Active>TRUE</Active>
  </PageList>
  <PageList>
    <ID>69</ID>
    <LabelMstID>ERP_WEB_USER_MST</LabelMstID>
    <FieldName>TEHSIL</FieldName>
    <LabelID>lblTEHSIL2h</LabelID>
    <LabelName>تهسيل</LabelName>
    <LangID>2</LangID>
    <COUNTRYID>8</COUNTRYID>
    <LANGDISP>ar-KW</LANGDISP>
    <Active>TRUE</Active>
  </PageList>
  <PageList>
    <ID>70</ID>
    <LabelMstID>ERP_WEB_USER_MST</LabelMstID>
    <FieldName>PINCODE_NO</FieldName>
    <LabelID>lblPINCODE_NO1s</LabelID>
    <LabelName>Pin Code No</LabelName>
    <LangID>1</LangID>
    <COUNTRYID>8</COUNTRYID>
    <LANGDISP>en-US</LANGDISP>
    <Active>TRUE</Active>
  </PageList>
  <PageList>
    <ID>71</ID>
    <LabelMstID>ERP_WEB_USER_MST</LabelMstID>
    <FieldName>PINCODE_NO</FieldName>
    <LabelID>lblPINCODE_NO1s</LabelID>
    <LabelName>Pas de Code PIN</LabelName>
    <LangID>3</LangID>
    <COUNTRYID>8</COUNTRYID>
    <LANGDISP>fr-FR</LANGDISP>
    <Active>TRUE</Active>
  </PageList>
  <PageList>
    <ID>72</ID>
    <LabelMstID>ERP_WEB_USER_MST</LabelMstID>
    <FieldName>PINCODE_NO</FieldName>
    <LabelID>lblPINCODE_NO2h</LabelID>
    <LabelName>أي رمز pin</LabelName>
    <LangID>2</LangID>
    <COUNTRYID>8</COUNTRYID>
    <LANGDISP>ar-KW</LANGDISP>
    <Active>TRUE</Active>
  </PageList>
  <PageList>
    <ID>73</ID>
    <LabelMstID>ERP_WEB_USER_MST</LabelMstID>
    <FieldName>POST_OFFICE</FieldName>
    <LabelID>lblPOST_OFFICE1s</LabelID>
    <LabelName>Post Office</LabelName>
    <LangID>1</LangID>
    <COUNTRYID>8</COUNTRYID>
    <LANGDISP>en-US</LANGDISP>
    <Active>TRUE</Active>
  </PageList>
  <PageList>
    <ID>74</ID>
    <LabelMstID>ERP_WEB_USER_MST</LabelMstID>
    <FieldName>POST_OFFICE</FieldName>
    <LabelID>lblPOST_OFFICE1s</LabelID>
    <LabelName>Bureau de poste</LabelName>
    <LangID>3</LangID>
    <COUNTRYID>8</COUNTRYID>
    <LANGDISP>fr-FR</LANGDISP>
    <Active>TRUE</Active>
  </PageList>
  <PageList>
    <ID>75</ID>
    <LabelMstID>ERP_WEB_USER_MST</LabelMstID>
    <FieldName>POST_OFFICE</FieldName>
    <LabelID>lblPOST_OFFICE2h</LabelID>
    <LabelName>مكتب البريد</LabelName>
    <LangID>2</LangID>
    <COUNTRYID>8</COUNTRYID>
    <LANGDISP>ar-KW</LANGDISP>
    <Active>TRUE</Active>
  </PageList>
  <PageList>
    <ID>76</ID>
    <LabelMstID>ERP_WEB_USER_MST</LabelMstID>
    <FieldName>PAN_NO</FieldName>
    <LabelID>lblPAN_NO1s</LabelID>
    <LabelName>Pan Card No</LabelName>
    <LangID>1</LangID>
    <COUNTRYID>8</COUNTRYID>
    <LANGDISP>en-US</LANGDISP>
    <Active>TRUE</Active>
  </PageList>
  <PageList>
    <ID>77</ID>
    <LabelMstID>ERP_WEB_USER_MST</LabelMstID>
    <FieldName>PAN_NO</FieldName>
    <LabelID>lblPAN_NO1s</LabelID>
    <LabelName>Pan badge N°</LabelName>
    <LangID>3</LangID>
    <COUNTRYID>8</COUNTRYID>
    <LANGDISP>fr-FR</LANGDISP>
    <Active>TRUE</Active>
  </PageList>
  <PageList>
    <ID>78</ID>
    <LabelMstID>ERP_WEB_USER_MST</LabelMstID>
    <FieldName>PAN_NO</FieldName>
    <LabelID>lblPAN_NO2h</LabelID>
    <LabelName>لا بطاقة عموم</LabelName>
    <LangID>2</LangID>
    <COUNTRYID>8</COUNTRYID>
    <LANGDISP>ar-KW</LANGDISP>
    <Active>TRUE</Active>
  </PageList>
  <PageList>
    <ID>79</ID>
    <LabelMstID>ERP_WEB_USER_MST</LabelMstID>
    <FieldName>EMAIL_ADDRESS</FieldName>
    <LabelID>lblEMAIL_ADDRESS1s</LabelID>
    <LabelName>Email Address</LabelName>
    <LangID>1</LangID>
    <COUNTRYID>8</COUNTRYID>
    <LANGDISP>en-US</LANGDISP>
    <Active>TRUE</Active>
  </PageList>
  <PageList>
    <ID>80</ID>
    <LabelMstID>ERP_WEB_USER_MST</LabelMstID>
    <FieldName>EMAIL_ADDRESS</FieldName>
    <LabelID>lblEMAIL_ADDRESS1s</LabelID>
    <LabelName>Adresse de courriel</LabelName>
    <LangID>3</LangID>
    <COUNTRYID>8</COUNTRYID>
    <LANGDISP>fr-FR</LANGDISP>
    <Active>TRUE</Active>
  </PageList>
  <PageList>
    <ID>81</ID>
    <LabelMstID>ERP_WEB_USER_MST</LabelMstID>
    <FieldName>EMAIL_ADDRESS</FieldName>
    <LabelID>lblEMAIL_ADDRESS2h</LabelID>
    <LabelName>عنوان البريد الإلكتروني</LabelName>
    <LangID>2</LangID>
    <COUNTRYID>8</COUNTRYID>
    <LANGDISP>ar-KW</LANGDISP>
    <Active>TRUE</Active>
  </PageList>
  <PageList>
    <ID>82</ID>
    <LabelMstID>ERP_WEB_USER_MST</LabelMstID>
    <FieldName>MOBILE_NUM</FieldName>
    <LabelID>lblMOBILE_NUM1s</LabelID>
    <LabelName>Mobile No</LabelName>
    <LangID>1</LangID>
    <COUNTRYID>8</COUNTRYID>
    <LANGDISP>en-US</LANGDISP>
    <Active>TRUE</Active>
  </PageList>
  <PageList>
    <ID>83</ID>
    <LabelMstID>ERP_WEB_USER_MST</LabelMstID>
    <FieldName>MOBILE_NUM</FieldName>
    <LabelID>lblMOBILE_NUM1s</LabelID>
    <LabelName>Mobile pas</LabelName>
    <LangID>3</LangID>
    <COUNTRYID>8</COUNTRYID>
    <LANGDISP>fr-FR</LANGDISP>
    <Active>TRUE</Active>
  </PageList>
  <PageList>
    <ID>84</ID>
    <LabelMstID>ERP_WEB_USER_MST</LabelMstID>
    <FieldName>MOBILE_NUM</FieldName>
    <LabelID>lblMOBILE_NUM2h</LabelID>
    <LabelName>لا النقال</LabelName>
    <LangID>2</LangID>
    <COUNTRYID>8</COUNTRYID>
    <LANGDISP>ar-KW</LANGDISP>
    <Active>TRUE</Active>
  </PageList>
  <PageList>
    <ID>85</ID>
    <LabelMstID>ERP_WEB_USER_MST</LabelMstID>
    <FieldName>SEC_QUES</FieldName>
    <LabelID>lblSEC_QUES1s</LabelID>
    <LabelName>Security Questions</LabelName>
    <LangID>1</LangID>
    <COUNTRYID>8</COUNTRYID>
    <LANGDISP>en-US</LANGDISP>
    <Active>TRUE</Active>
  </PageList>
  <PageList>
    <ID>86</ID>
    <LabelMstID>ERP_WEB_USER_MST</LabelMstID>
    <FieldName>SEC_QUES</FieldName>
    <LabelID>lblSEC_QUES1s</LabelID>
    <LabelName>Questions de sécurité</LabelName>
    <LangID>3</LangID>
    <COUNTRYID>8</COUNTRYID>
    <LANGDISP>fr-FR</LANGDISP>
    <Active>TRUE</Active>
  </PageList>
  <PageList>
    <ID>87</ID>
    <LabelMstID>ERP_WEB_USER_MST</LabelMstID>
    <FieldName>SEC_QUES</FieldName>
    <LabelID>lblSEC_QUES2h</LabelID>
    <LabelName>المسائل الأمنية</LabelName>
    <LangID>2</LangID>
    <COUNTRYID>8</COUNTRYID>
    <LANGDISP>ar-KW</LANGDISP>
    <Active>TRUE</Active>
  </PageList>
  <PageList>
    <ID>88</ID>
    <LabelMstID>ERP_WEB_USER_MST</LabelMstID>
    <FieldName>SEC_ANS</FieldName>
    <LabelID>lblSEC_ANS1s</LabelID>
    <LabelName>Security Answer</LabelName>
    <LangID>1</LangID>
    <COUNTRYID>8</COUNTRYID>
    <LANGDISP>en-US</LANGDISP>
    <Active>TRUE</Active>
  </PageList>
  <PageList>
    <ID>89</ID>
    <LabelMstID>ERP_WEB_USER_MST</LabelMstID>
    <FieldName>SEC_ANS</FieldName>
    <LabelID>lblSEC_ANS1s</LabelID>
    <LabelName>Réponse de sécurité</LabelName>
    <LangID>3</LangID>
    <COUNTRYID>8</COUNTRYID>
    <LANGDISP>fr-FR</LANGDISP>
    <Active>TRUE</Active>
  </PageList>
  <PageList>
    <ID>90</ID>
    <LabelMstID>ERP_WEB_USER_MST</LabelMstID>
    <FieldName>SEC_ANS</FieldName>
    <LabelID>lblSEC_ANS2h</LabelID>
    <LabelName>إجابة الأمان</LabelName>
    <LangID>2</LangID>
    <COUNTRYID>8</COUNTRYID>
    <LANGDISP>ar-KW</LANGDISP>
    <Active>TRUE</Active>
  </PageList>
  <PageList>
    <ID>91</ID>
    <LabelMstID>ERP_WEB_USER_MST</LabelMstID>
    <FieldName>LOGIN_ID</FieldName>
    <LabelID>lblLOGIN_ID1s</LabelID>
    <LabelName>Login  Name</LabelName>
    <LangID>1</LangID>
    <COUNTRYID>8</COUNTRYID>
    <LANGDISP>en-US</LANGDISP>
    <Active>TRUE</Active>
  </PageList>
  <PageList>
    <ID>92</ID>
    <LabelMstID>ERP_WEB_USER_MST</LabelMstID>
    <FieldName>LOGIN_ID</FieldName>
    <LabelID>lblLOGIN_ID1s</LabelID>
    <LabelName>Nom de connexion</LabelName>
    <LangID>3</LangID>
    <COUNTRYID>8</COUNTRYID>
    <LANGDISP>fr-FR</LANGDISP>
    <Active>TRUE</Active>
  </PageList>
  <PageList>
    <ID>93</ID>
    <LabelMstID>ERP_WEB_USER_MST</LabelMstID>
    <FieldName>LOGIN_ID</FieldName>
    <LabelID>lblLOGIN_ID2h</LabelID>
    <LabelName>اسم تسجيل الدخول</LabelName>
    <LangID>2</LangID>
    <COUNTRYID>8</COUNTRYID>
    <LANGDISP>ar-KW</LANGDISP>
    <Active>TRUE</Active>
  </PageList>
  <PageList>
    <ID>94</ID>
    <LabelMstID>ERP_WEB_USER_MST</LabelMstID>
    <FieldName>PASSWORD</FieldName>
    <LabelID>lblPASSWORD1s</LabelID>
    <LabelName>Password</LabelName>
    <LangID>1</LangID>
    <COUNTRYID>8</COUNTRYID>
    <LANGDISP>en-US</LANGDISP>
    <Active>TRUE</Active>
  </PageList>
  <PageList>
    <ID>95</ID>
    <LabelMstID>ERP_WEB_USER_MST</LabelMstID>
    <FieldName>PASSWORD</FieldName>
    <LabelID>lblPASSWORD1s</LabelID>
    <LabelName>Mot de passe</LabelName>
    <LangID>3</LangID>
    <COUNTRYID>8</COUNTRYID>
    <LANGDISP>fr-FR</LANGDISP>
    <Active>TRUE</Active>
  </PageList>
  <PageList>
    <ID>96</ID>
    <LabelMstID>ERP_WEB_USER_MST</LabelMstID>
    <FieldName>PASSWORD</FieldName>
    <LabelID>lblPASSWORD2h</LabelID>
    <LabelName>كلمة المرور</LabelName>
    <LangID>2</LangID>
    <COUNTRYID>8</COUNTRYID>
    <LANGDISP>ar-KW</LANGDISP>
    <Active>TRUE</Active>
  </PageList>
  <PageList>
    <ID>97</ID>
    <LabelMstID>ERP_WEB_USER_MST</LabelMstID>
    <FieldName>USER_TYPE</FieldName>
    <LabelID>lblUSER_TYPE1s</LabelID>
    <LabelName>User Type</LabelName>
    <LangID>1</LangID>
    <COUNTRYID>8</COUNTRYID>
    <LANGDISP>en-US</LANGDISP>
    <Active>TRUE</Active>
  </PageList>
  <PageList>
    <ID>98</ID>
    <LabelMstID>ERP_WEB_USER_MST</LabelMstID>
    <FieldName>USER_TYPE</FieldName>
    <LabelID>lblUSER_TYPE1s</LabelID>
    <LabelName>Type d'utilisateur</LabelName>
    <LangID>3</LangID>
    <COUNTRYID>8</COUNTRYID>
    <LANGDISP>fr-FR</LANGDISP>
    <Active>TRUE</Active>
  </PageList>
  <PageList>
    <ID>99</ID>
    <LabelMstID>ERP_WEB_USER_MST</LabelMstID>
    <FieldName>USER_TYPE</FieldName>
    <LabelID>lblUSER_TYPE2h</LabelID>
    <LabelName>نوع المستخدم</LabelName>
    <LangID>2</LangID>
    <COUNTRYID>8</COUNTRYID>
    <LANGDISP>ar-KW</LANGDISP>
    <Active>TRUE</Active>
  </PageList>
  <PageList>
    <ID>100</ID>
    <LabelMstID>ERP_WEB_USER_MST</LabelMstID>
    <FieldName>REMARKS</FieldName>
    <LabelID>lblREMARKS1s</LabelID>
    <LabelName>Remarks</LabelName>
    <LangID>1</LangID>
    <COUNTRYID>8</COUNTRYID>
    <LANGDISP>en-US</LANGDISP>
    <Active>TRUE</Active>
  </PageList>
  <PageList>
    <ID>101</ID>
    <LabelMstID>ERP_WEB_USER_MST</LabelMstID>
    <FieldName>REMARKS</FieldName>
    <LabelID>lblREMARKS1s</LabelID>
    <LabelName>Remarques</LabelName>
    <LangID>3</LangID>
    <COUNTRYID>8</COUNTRYID>
    <LANGDISP>fr-FR</LANGDISP>
    <Active>TRUE</Active>
  </PageList>
  <PageList>
    <ID>102</ID>
    <LabelMstID>ERP_WEB_USER_MST</LabelMstID>
    <FieldName>REMARKS</FieldName>
    <LabelID>lblREMARKS2h</LabelID>
    <LabelName>الملاحظات</LabelName>
    <LangID>2</LangID>
    <COUNTRYID>8</COUNTRYID>
    <LANGDISP>ar-KW</LANGDISP>
    <Active>TRUE</Active>
  </PageList>
  <PageList>
    <ID>103</ID>
    <LabelMstID>ERP_WEB_USER_MST</LabelMstID>
    <FieldName>Avtar</FieldName>
    <LabelID>lblAvtar1s</LabelID>
    <LabelName>Avtar</LabelName>
    <LangID>1</LangID>
    <COUNTRYID>8</COUNTRYID>
    <LANGDISP>en-US</LANGDISP>
    <Active>TRUE</Active>
  </PageList>
  <PageList>
    <ID>104</ID>
    <LabelMstID>ERP_WEB_USER_MST</LabelMstID>
    <FieldName>Avtar</FieldName>
    <LabelID>lblAvtar1s</LabelID>
    <LabelName>Avtar</LabelName>
    <LangID>3</LangID>
    <COUNTRYID>8</COUNTRYID>
    <LANGDISP>fr-FR</LANGDISP>
    <Active>TRUE</Active>
  </PageList>
  <PageList>
    <ID>105</ID>
    <LabelMstID>ERP_WEB_USER_MST</LabelMstID>
    <FieldName>Avtar</FieldName>
    <LabelID>lblAvtar2h</LabelID>
    <LabelName>افتار</LabelName>
    <LangID>2</LangID>
    <COUNTRYID>8</COUNTRYID>
    <LANGDISP>ar-KW</LANGDISP>
    <Active>TRUE</Active>
  </PageList>
  <PageList>
    <ID>106</ID>
    <LabelMstID>ERP_WEB_USER_MST</LabelMstID>
    <FieldName>CompId</FieldName>
    <LabelID>lblCompId1s</LabelID>
    <LabelName>Company Name</LabelName>
    <LangID>1</LangID>
    <COUNTRYID>8</COUNTRYID>
    <LANGDISP>en-US</LANGDISP>
    <Active>TRUE</Active>
  </PageList>
  <PageList>
    <ID>107</ID>
    <LabelMstID>ERP_WEB_USER_MST</LabelMstID>
    <FieldName>CompId</FieldName>
    <LabelID>lblCompId1s</LabelID>
    <LabelName>Nom de l'entreprise</LabelName>
    <LangID>3</LangID>
    <COUNTRYID>8</COUNTRYID>
    <LANGDISP>fr-FR</LANGDISP>
    <Active>TRUE</Active>
  </PageList>
  <PageList>
    <ID>108</ID>
    <LabelMstID>ERP_WEB_USER_MST</LabelMstID>
    <FieldName>CompId</FieldName>
    <LabelID>lblCompId2h</LabelID>
    <LabelName>اسم الشركة</LabelName>
    <LangID>2</LangID>
    <COUNTRYID>8</COUNTRYID>
    <LANGDISP>ar-KW</LANGDISP>
    <Active>TRUE</Active>
  </PageList>
  <PageList>
    <ID>109</ID>
    <LabelMstID>ERP_WEB_USER_MST</LabelMstID>
    <FieldName>CRUP_ID</FieldName>
    <LabelID>lblCRUP_ID1s</LabelID>
    <LabelName>ERP_WEB_USER_MST</LabelName>
    <LangID>1</LangID>
    <COUNTRYID>8</COUNTRYID>
    <LANGDISP>en-US</LANGDISP>
    <Active>TRUE</Active>
  </PageList>
  <PageList>
    <ID>110</ID>
    <LabelMstID>ERP_WEB_USER_MST</LabelMstID>
    <FieldName>CRUP_ID</FieldName>
    <LabelID>lblCRUP_ID1s</LabelID>
    <LabelName>Crup nom</LabelName>
    <LangID>3</LangID>
    <COUNTRYID>8</COUNTRYID>
    <LANGDISP>fr-FR</LANGDISP>
    <Active>TRUE</Active>
  </PageList>
  <PageList>
    <ID>111</ID>
    <LabelMstID>ERP_WEB_USER_MST</LabelMstID>
    <FieldName>CRUP_ID</FieldName>
    <LabelID>lblCRUP_ID2h</LabelID>
    <LabelName>اسم Crup</LabelName>
    <LangID>2</LangID>
    <COUNTRYID>8</COUNTRYID>
    <LANGDISP>ar-KW</LANGDISP>
    <Active>TRUE</Active>
  </PageList>
  <PageList>
    <ID>112</ID>
    <LabelMstID>ERP_WEB_USER_MST</LabelMstID>
    <FieldName>NULL</FieldName>
    <LabelID>lblHeader1s</LabelID>
    <LabelName>ERP_WEB_USER_MST</LabelName>
    <LangID>1</LangID>
    <COUNTRYID>8</COUNTRYID>
    <LANGDISP>en-US</LANGDISP>
    <Active>TRUE</Active>
  </PageList>
  <PageList>
    <ID>113</ID>
    <LabelMstID>ERP_WEB_USER_MST</LabelMstID>
    <FieldName>NULL</FieldName>
    <LabelID>lblHeader1s</LabelID>
    <LabelName>ERP_WEB_USER_MST</LabelName>
    <LangID>3</LangID>
    <COUNTRYID>8</COUNTRYID>
    <LANGDISP>fr-FR</LANGDISP>
    <Active>TRUE</Active>
  </PageList>
  <PageList>
    <ID>114</ID>
    <LabelMstID>ERP_WEB_USER_MST</LabelMstID>
    <FieldName>NULL</FieldName>
    <LabelID>lblHeader2h</LabelID>
    <LabelName>ERP_WEB_USER_MST</LabelName>
    <LangID>2</LangID>
    <COUNTRYID>8</COUNTRYID>
    <LANGDISP>ar-KW</LANGDISP>
    <Active>TRUE</Active>
  </PageList>
</TBLLabelDTL>