<?xml version="1.0" standalone="yes"?>
<TBLLabelDTL>
<PageList><ID>1</ID><LabelMstID>NewCompaniySetup_Tryel</LabelMstID><FieldName>TenentID</FieldName><LabelID>lblTenentID1s</LabelID><LabelName>Tenent name</LabelName><LangID>1</LangID><COUNTRYID>8</COUNTRYID><LANGDISP>en-US</LANGDISP><Active>TRUE</Active></PageList> 
<PageList><ID>2</ID><LabelMstID>NewCompaniySetup_Tryel</LabelMstID><FieldName>TenentID</FieldName><LabelID>lblTenentID1s</LabelID><LabelName>Tenent nom</LabelName><LangID>3</LangID><COUNTRYID>8</COUNTRYID><LANGDISP>fr-FR</LANGDISP><Active>TRUE</Active></PageList> 
<PageList><ID>3</ID><LabelMstID>NewCompaniySetup_Tryel</LabelMstID><FieldName>TenentID</FieldName><LabelID>lblTenentID2h</LabelID><LabelName>اسم تينيت</LabelName><LangID>2</LangID><COUNTRYID>8</COUNTRYID><LANGDISP>ar-KW</LANGDISP><Active>TRUE</Active></PageList> 
<PageList><ID>4</ID><LabelMstID>NewCompaniySetup_Tryel</LabelMstID><FieldName>MyID</FieldName><LabelID>lblMyID1s</LabelID><LabelName>My name</LabelName><LangID>1</LangID><COUNTRYID>8</COUNTRYID><LANGDISP>en-US</LANGDISP><Active>TRUE</Active></PageList> 
<PageList><ID>5</ID><LabelMstID>NewCompaniySetup_Tryel</LabelMstID><FieldName>MyID</FieldName><LabelID>lblMyID1s</LabelID><LabelName>Mon nom</LabelName><LangID>3</LangID><COUNTRYID>8</COUNTRYID><LANGDISP>fr-FR</LANGDISP><Active>TRUE</Active></PageList> 
<PageList><ID>6</ID><LabelMstID>NewCompaniySetup_Tryel</LabelMstID><FieldName>MyID</FieldName><LabelID>lblMyID2h</LabelID><LabelName>اسمي</LabelName><LangID>2</LangID><COUNTRYID>8</COUNTRYID><LANGDISP>ar-KW</LANGDISP><Active>TRUE</Active></PageList> 
<PageList><ID>7</ID><LabelMstID>NewCompaniySetup_Tryel</LabelMstID><FieldName>LocationID</FieldName><LabelID>lblLocationID1s</LabelID><LabelName>Location name</LabelName><LangID>1</LangID><COUNTRYID>8</COUNTRYID><LANGDISP>en-US</LANGDISP><Active>TRUE</Active></PageList> 
<PageList><ID>8</ID><LabelMstID>NewCompaniySetup_Tryel</LabelMstID><FieldName>LocationID</FieldName><LabelID>lblLocationID1s</LabelID><LabelName>Nom de l’emplacement</LabelName><LangID>3</LangID><COUNTRYID>8</COUNTRYID><LANGDISP>fr-FR</LANGDISP><Active>TRUE</Active></PageList> 
<PageList><ID>9</ID><LabelMstID>NewCompaniySetup_Tryel</LabelMstID><FieldName>LocationID</FieldName><LabelID>lblLocationID2h</LabelID><LabelName>اسم الموقع</LabelName><LangID>2</LangID><COUNTRYID>8</COUNTRYID><LANGDISP>ar-KW</LANGDISP><Active>TRUE</Active></PageList> 
<PageList><ID>10</ID><LabelMstID>NewCompaniySetup_Tryel</LabelMstID><FieldName>CompanyName</FieldName><LabelID>lblCompanyName1s</LabelID><LabelName>Company Name</LabelName><LangID>1</LangID><COUNTRYID>8</COUNTRYID><LANGDISP>en-US</LANGDISP><Active>TRUE</Active></PageList> 
<PageList><ID>11</ID><LabelMstID>NewCompaniySetup_Tryel</LabelMstID><FieldName>CompanyName</FieldName><LabelID>lblCompanyName1s</LabelID><LabelName>Nom de l’entreprise</LabelName><LangID>3</LangID><COUNTRYID>8</COUNTRYID><LANGDISP>fr-FR</LANGDISP><Active>TRUE</Active></PageList> 
<PageList><ID>12</ID><LabelMstID>NewCompaniySetup_Tryel</LabelMstID><FieldName>CompanyName</FieldName><LabelID>lblCompanyName2h</LabelID><LabelName>اسم الشركة</LabelName><LangID>2</LangID><COUNTRYID>8</COUNTRYID><LANGDISP>ar-KW</LANGDISP><Active>TRUE</Active></PageList> 
<PageList><ID>13</ID><LabelMstID>NewCompaniySetup_Tryel</LabelMstID><FieldName>UserName</FieldName><LabelID>lblUserName1s</LabelID><LabelName>User Name</LabelName><LangID>1</LangID><COUNTRYID>8</COUNTRYID><LANGDISP>en-US</LANGDISP><Active>TRUE</Active></PageList> 
<PageList><ID>14</ID><LabelMstID>NewCompaniySetup_Tryel</LabelMstID><FieldName>UserName</FieldName><LabelID>lblUserName1s</LabelID><LabelName>Nom d’utilisateur</LabelName><LangID>3</LangID><COUNTRYID>8</COUNTRYID><LANGDISP>fr-FR</LANGDISP><Active>TRUE</Active></PageList> 
<PageList><ID>15</ID><LabelMstID>NewCompaniySetup_Tryel</LabelMstID><FieldName>UserName</FieldName><LabelID>lblUserName2h</LabelID><LabelName>اسم المستخدم</LabelName><LangID>2</LangID><COUNTRYID>8</COUNTRYID><LANGDISP>ar-KW</LANGDISP><Active>TRUE</Active></PageList> 
<PageList><ID>16</ID><LabelMstID>NewCompaniySetup_Tryel</LabelMstID><FieldName>Package</FieldName><LabelID>lblPackage1s</LabelID><LabelName>Package</LabelName><LangID>1</LangID><COUNTRYID>8</COUNTRYID><LANGDISP>en-US</LANGDISP><Active>TRUE</Active></PageList> 
<PageList><ID>17</ID><LabelMstID>NewCompaniySetup_Tryel</LabelMstID><FieldName>Package</FieldName><LabelID>lblPackage1s</LabelID><LabelName>Paquet</LabelName><LangID>3</LangID><COUNTRYID>8</COUNTRYID><LANGDISP>fr-FR</LANGDISP><Active>TRUE</Active></PageList> 
<PageList><ID>18</ID><LabelMstID>NewCompaniySetup_Tryel</LabelMstID><FieldName>Package</FieldName><LabelID>lblPackage2h</LabelID><LabelName>حزمة</LabelName><LangID>2</LangID><COUNTRYID>8</COUNTRYID><LANGDISP>ar-KW</LANGDISP><Active>TRUE</Active></PageList> 
<PageList><ID>19</ID><LabelMstID>NewCompaniySetup_Tryel</LabelMstID><FieldName>NumberofUser</FieldName><LabelID>lblNumberofUser1s</LabelID><LabelName>Number Of User</LabelName><LangID>1</LangID><COUNTRYID>8</COUNTRYID><LANGDISP>en-US</LANGDISP><Active>TRUE</Active></PageList> 
<PageList><ID>20</ID><LabelMstID>NewCompaniySetup_Tryel</LabelMstID><FieldName>NumberofUser</FieldName><LabelID>lblNumberofUser1s</LabelID><LabelName>Nombre d’utilisateur</LabelName><LangID>3</LangID><COUNTRYID>8</COUNTRYID><LANGDISP>fr-FR</LANGDISP><Active>TRUE</Active></PageList> 
<PageList><ID>21</ID><LabelMstID>NewCompaniySetup_Tryel</LabelMstID><FieldName>NumberofUser</FieldName><LabelID>lblNumberofUser2h</LabelID><LabelName>عدد المستخدمين</LabelName><LangID>2</LangID><COUNTRYID>8</COUNTRYID><LANGDISP>ar-KW</LANGDISP><Active>TRUE</Active></PageList> 
<PageList><ID>22</ID><LabelMstID>NewCompaniySetup_Tryel</LabelMstID><FieldName>EmailID</FieldName><LabelID>lblEmailID1s</LabelID><LabelName>Email ID</LabelName><LangID>1</LangID><COUNTRYID>8</COUNTRYID><LANGDISP>en-US</LANGDISP><Active>TRUE</Active></PageList> 
<PageList><ID>23</ID><LabelMstID>NewCompaniySetup_Tryel</LabelMstID><FieldName>EmailID</FieldName><LabelID>lblEmailID1s</LabelID><LabelName>Identification d’email</LabelName><LangID>3</LangID><COUNTRYID>8</COUNTRYID><LANGDISP>fr-FR</LANGDISP><Active>TRUE</Active></PageList> 
<PageList><ID>24</ID><LabelMstID>NewCompaniySetup_Tryel</LabelMstID><FieldName>EmailID</FieldName><LabelID>lblEmailID2h</LabelID><LabelName>معرف البريد الإلكتروني</LabelName><LangID>2</LangID><COUNTRYID>8</COUNTRYID><LANGDISP>ar-KW</LANGDISP><Active>TRUE</Active></PageList> 
<PageList><ID>25</ID><LabelMstID>NewCompaniySetup_Tryel</LabelMstID><FieldName>MobileNo</FieldName><LabelID>lblMobileNo1s</LabelID><LabelName>Mobile No</LabelName><LangID>1</LangID><COUNTRYID>8</COUNTRYID><LANGDISP>en-US</LANGDISP><Active>TRUE</Active></PageList> 
<PageList><ID>26</ID><LabelMstID>NewCompaniySetup_Tryel</LabelMstID><FieldName>MobileNo</FieldName><LabelID>lblMobileNo1s</LabelID><LabelName>N° de mobile</LabelName><LangID>3</LangID><COUNTRYID>8</COUNTRYID><LANGDISP>fr-FR</LANGDISP><Active>TRUE</Active></PageList> 
<PageList><ID>27</ID><LabelMstID>NewCompaniySetup_Tryel</LabelMstID><FieldName>MobileNo</FieldName><LabelID>lblMobileNo2h</LabelID><LabelName>رقم الجوال</LabelName><LangID>2</LangID><COUNTRYID>8</COUNTRYID><LANGDISP>ar-KW</LANGDISP><Active>TRUE</Active></PageList> 
<PageList><ID>28</ID><LabelMstID>NewCompaniySetup_Tryel</LabelMstID><FieldName>Country</FieldName><LabelID>lblCountry1s</LabelID><LabelName>Country</LabelName><LangID>1</LangID><COUNTRYID>8</COUNTRYID><LANGDISP>en-US</LANGDISP><Active>TRUE</Active></PageList> 
<PageList><ID>29</ID><LabelMstID>NewCompaniySetup_Tryel</LabelMstID><FieldName>Country</FieldName><LabelID>lblCountry1s</LabelID><LabelName>Pays</LabelName><LangID>3</LangID><COUNTRYID>8</COUNTRYID><LANGDISP>fr-FR</LANGDISP><Active>TRUE</Active></PageList> 
<PageList><ID>30</ID><LabelMstID>NewCompaniySetup_Tryel</LabelMstID><FieldName>Country</FieldName><LabelID>lblCountry2h</LabelID><LabelName>البلد</LabelName><LangID>2</LangID><COUNTRYID>8</COUNTRYID><LANGDISP>ar-KW</LANGDISP><Active>TRUE</Active></PageList> 
<PageList><ID>31</ID><LabelMstID>NewCompaniySetup_Tryel</LabelMstID><FieldName>Deleteby</FieldName><LabelID>lblDeleteby1s</LabelID><LabelName>Deleteby</LabelName><LangID>1</LangID><COUNTRYID>8</COUNTRYID><LANGDISP>en-US</LANGDISP><Active>TRUE</Active></PageList> 
<PageList><ID>32</ID><LabelMstID>NewCompaniySetup_Tryel</LabelMstID><FieldName>Deleteby</FieldName><LabelID>lblDeleteby1s</LabelID><LabelName>DeleteBy</LabelName><LangID>3</LangID><COUNTRYID>8</COUNTRYID><LANGDISP>fr-FR</LANGDISP><Active>TRUE</Active></PageList> 
<PageList><ID>33</ID><LabelMstID>NewCompaniySetup_Tryel</LabelMstID><FieldName>Deleteby</FieldName><LabelID>lblDeleteby2h</LabelID><LabelName>ديليتيبي</LabelName><LangID>2</LangID><COUNTRYID>8</COUNTRYID><LANGDISP>ar-KW</LANGDISP><Active>TRUE</Active></PageList> 
<PageList><ID>34</ID><LabelMstID>NewCompaniySetup_Tryel</LabelMstID><FieldName>ActiveBy</FieldName><LabelID>lblActiveBy1s</LabelID><LabelName>Activeby</LabelName><LangID>1</LangID><COUNTRYID>8</COUNTRYID><LANGDISP>en-US</LANGDISP><Active>TRUE</Active></PageList> 
<PageList><ID>35</ID><LabelMstID>NewCompaniySetup_Tryel</LabelMstID><FieldName>ActiveBy</FieldName><LabelID>lblActiveBy1s</LabelID><LabelName>Activeby</LabelName><LangID>3</LangID><COUNTRYID>8</COUNTRYID><LANGDISP>fr-FR</LANGDISP><Active>TRUE</Active></PageList> 
<PageList><ID>36</ID><LabelMstID>NewCompaniySetup_Tryel</LabelMstID><FieldName>ActiveBy</FieldName><LabelID>lblActiveBy2h</LabelID><LabelName>أكتيفيبي</LabelName><LangID>2</LangID><COUNTRYID>8</COUNTRYID><LANGDISP>ar-KW</LANGDISP><Active>TRUE</Active></PageList> 
<PageList><ID>37</ID><LabelMstID>NewCompaniySetup_Tryel</LabelMstID><FieldName>datetime</FieldName><LabelID>lbldatetime1s</LabelID><LabelName>Datetime</LabelName><LangID>1</LangID><COUNTRYID>8</COUNTRYID><LANGDISP>en-US</LANGDISP><Active>TRUE</Active></PageList> 
<PageList><ID>38</ID><LabelMstID>NewCompaniySetup_Tryel</LabelMstID><FieldName>datetime</FieldName><LabelID>lbldatetime1s</LabelID><LabelName>DateTime</LabelName><LangID>3</LangID><COUNTRYID>8</COUNTRYID><LANGDISP>fr-FR</LANGDISP><Active>TRUE</Active></PageList> 
<PageList><ID>39</ID><LabelMstID>NewCompaniySetup_Tryel</LabelMstID><FieldName>datetime</FieldName><LabelID>lbldatetime2h</LabelID><LabelName>التاريخ والوقت</LabelName><LangID>2</LangID><COUNTRYID>8</COUNTRYID><LANGDISP>ar-KW</LANGDISP><Active>TRUE</Active></PageList> 
<PageList><ID>40</ID><LabelMstID>NewCompaniySetup_Tryel</LabelMstID><FieldName>crupID</FieldName><LabelID>lblcrupID1s</LabelID><LabelName>Crup name</LabelName><LangID>1</LangID><COUNTRYID>8</COUNTRYID><LANGDISP>en-US</LANGDISP><Active>TRUE</Active></PageList> 
<PageList><ID>41</ID><LabelMstID>NewCompaniySetup_Tryel</LabelMstID><FieldName>crupID</FieldName><LabelID>lblcrupID1s</LabelID><LabelName>Crup nom</LabelName><LangID>3</LangID><COUNTRYID>8</COUNTRYID><LANGDISP>fr-FR</LANGDISP><Active>TRUE</Active></PageList> 
<PageList><ID>42</ID><LabelMstID>NewCompaniySetup_Tryel</LabelMstID><FieldName>crupID</FieldName><LabelID>lblcrupID2h</LabelID><LabelName>اسم Crup</LabelName><LangID>2</LangID><COUNTRYID>8</COUNTRYID><LANGDISP>ar-KW</LANGDISP><Active>TRUE</Active></PageList> 
<PageList><ID>43</ID><LabelMstID>NewCompaniySetup_Tryel</LabelMstID><FieldName>NULL</FieldName><LabelID>lblHeader1s</LabelID><LabelName>NewCompaniySetup_Tryel</LabelName><LangID>1</LangID><COUNTRYID>8</COUNTRYID><LANGDISP>en-US</LANGDISP><Active>TRUE</Active></PageList> 
<PageList><ID>44</ID><LabelMstID>NewCompaniySetup_Tryel</LabelMstID><FieldName>NULL</FieldName><LabelID>lblHeader1s</LabelID><LabelName>NewCompaniySetup_Tryel</LabelName><LangID>3</LangID><COUNTRYID>8</COUNTRYID><LANGDISP>fr-FR</LANGDISP><Active>TRUE</Active></PageList> 
<PageList><ID>45</ID><LabelMstID>NewCompaniySetup_Tryel</LabelMstID><FieldName>NULL</FieldName><LabelID>lblHeader2h</LabelID><LabelName>NewCompaniySetup_Tryel</LabelName><LangID>2</LangID><COUNTRYID>8</COUNTRYID><LANGDISP>ar-KW</LANGDISP><Active>TRUE</Active></PageList> 

</TBLLabelDTL>