<?xml version="1.0" standalone="yes"?>
<TBLLabelDTL>
<PageList><ID>1</ID><LabelMstID>tblGallary</LabelMstID><FieldName>TenentID</FieldName><LabelID>lblTenentID1s</LabelID><LabelName>Tenent name</LabelName><LangID>1</LangID><COUNTRYID>8</COUNTRYID><LANGDISP>en-US</LANGDISP><Active>TRUE</Active></PageList> 
<PageList><ID>2</ID><LabelMstID>tblGallary</LabelMstID><FieldName>TenentID</FieldName><LabelID>lblTenentID1s</LabelID><LabelName>Tenent nom</LabelName><LangID>3</LangID><COUNTRYID>8</COUNTRYID><LANGDISP>fr-FR</LANGDISP><Active>TRUE</Active></PageList> 
<PageList><ID>3</ID><LabelMstID>tblGallary</LabelMstID><FieldName>TenentID</FieldName><LabelID>lblTenentID2h</LabelID><LabelName>اسم تينيت</LabelName><LangID>2</LangID><COUNTRYID>8</COUNTRYID><LANGDISP>ar-KW</LANGDISP><Active>TRUE</Active></PageList> 
<PageList><ID>4</ID><LabelMstID>tblGallary</LabelMstID><FieldName>ImageID</FieldName><LabelID>lblImageID1s</LabelID><LabelName>Image name</LabelName><LangID>1</LangID><COUNTRYID>8</COUNTRYID><LANGDISP>en-US</LANGDISP><Active>TRUE</Active></PageList> 
<PageList><ID>5</ID><LabelMstID>tblGallary</LabelMstID><FieldName>ImageID</FieldName><LabelID>lblImageID1s</LabelID><LabelName>Nom de l’image</LabelName><LangID>3</LangID><COUNTRYID>8</COUNTRYID><LANGDISP>fr-FR</LANGDISP><Active>TRUE</Active></PageList> 
<PageList><ID>6</ID><LabelMstID>tblGallary</LabelMstID><FieldName>ImageID</FieldName><LabelID>lblImageID2h</LabelID><LabelName>اسم الصورة</LabelName><LangID>2</LangID><COUNTRYID>8</COUNTRYID><LANGDISP>ar-KW</LANGDISP><Active>TRUE</Active></PageList> 
<PageList><ID>7</ID><LabelMstID>tblGallary</LabelMstID><FieldName>Image</FieldName><LabelID>lblImage1s</LabelID><LabelName>Image</LabelName><LangID>1</LangID><COUNTRYID>8</COUNTRYID><LANGDISP>en-US</LANGDISP><Active>TRUE</Active></PageList> 
<PageList><ID>8</ID><LabelMstID>tblGallary</LabelMstID><FieldName>Image</FieldName><LabelID>lblImage1s</LabelID><LabelName>Image</LabelName><LangID>3</LangID><COUNTRYID>8</COUNTRYID><LANGDISP>fr-FR</LANGDISP><Active>TRUE</Active></PageList> 
<PageList><ID>9</ID><LabelMstID>tblGallary</LabelMstID><FieldName>Image</FieldName><LabelID>lblImage2h</LabelID><LabelName>الصورة</LabelName><LangID>2</LangID><COUNTRYID>8</COUNTRYID><LANGDISP>ar-KW</LANGDISP><Active>TRUE</Active></PageList> 
<PageList><ID>10</ID><LabelMstID>tblGallary</LabelMstID><FieldName>Active</FieldName><LabelID>lblActive1s</LabelID><LabelName>Active</LabelName><LangID>1</LangID><COUNTRYID>8</COUNTRYID><LANGDISP>en-US</LANGDISP><Active>TRUE</Active></PageList> 
<PageList><ID>11</ID><LabelMstID>tblGallary</LabelMstID><FieldName>Active</FieldName><LabelID>lblActive1s</LabelID><LabelName>Actif</LabelName><LangID>3</LangID><COUNTRYID>8</COUNTRYID><LANGDISP>fr-FR</LANGDISP><Active>TRUE</Active></PageList> 
<PageList><ID>12</ID><LabelMstID>tblGallary</LabelMstID><FieldName>Active</FieldName><LabelID>lblActive2h</LabelID><LabelName>النشطة</LabelName><LangID>2</LangID><COUNTRYID>8</COUNTRYID><LANGDISP>ar-KW</LANGDISP><Active>TRUE</Active></PageList> 
<PageList><ID>13</ID><LabelMstID>tblGallary</LabelMstID><FieldName>Deleted</FieldName><LabelID>lblDeleted1s</LabelID><LabelName>Deleted</LabelName><LangID>1</LangID><COUNTRYID>8</COUNTRYID><LANGDISP>en-US</LANGDISP><Active>TRUE</Active></PageList> 
<PageList><ID>14</ID><LabelMstID>tblGallary</LabelMstID><FieldName>Deleted</FieldName><LabelID>lblDeleted1s</LabelID><LabelName>Supprimé</LabelName><LangID>3</LangID><COUNTRYID>8</COUNTRYID><LANGDISP>fr-FR</LANGDISP><Active>TRUE</Active></PageList> 
<PageList><ID>15</ID><LabelMstID>tblGallary</LabelMstID><FieldName>Deleted</FieldName><LabelID>lblDeleted2h</LabelID><LabelName>حذف</LabelName><LangID>2</LangID><COUNTRYID>8</COUNTRYID><LANGDISP>ar-KW</LANGDISP><Active>TRUE</Active></PageList> 
<PageList><ID>16</ID><LabelMstID>tblGallary</LabelMstID><FieldName>Title</FieldName><LabelID>lblTitle1s</LabelID><LabelName>Title</LabelName><LangID>1</LangID><COUNTRYID>8</COUNTRYID><LANGDISP>en-US</LANGDISP><Active>TRUE</Active></PageList> 
<PageList><ID>17</ID><LabelMstID>tblGallary</LabelMstID><FieldName>Title</FieldName><LabelID>lblTitle1s</LabelID><LabelName>Titre</LabelName><LangID>3</LangID><COUNTRYID>8</COUNTRYID><LANGDISP>fr-FR</LANGDISP><Active>TRUE</Active></PageList> 
<PageList><ID>18</ID><LabelMstID>tblGallary</LabelMstID><FieldName>Title</FieldName><LabelID>lblTitle2h</LabelID><LabelName>العنوان</LabelName><LangID>2</LangID><COUNTRYID>8</COUNTRYID><LANGDISP>ar-KW</LANGDISP><Active>TRUE</Active></PageList> 
<PageList><ID>19</ID><LabelMstID>tblGallary</LabelMstID><FieldName>aTitle</FieldName><LabelID>lblaTitle1s</LabelID><LabelName>Atitle</LabelName><LangID>1</LangID><COUNTRYID>8</COUNTRYID><LANGDISP>en-US</LANGDISP><Active>TRUE</Active></PageList> 
<PageList><ID>20</ID><LabelMstID>tblGallary</LabelMstID><FieldName>aTitle</FieldName><LabelID>lblaTitle1s</LabelID><LabelName>ATitle</LabelName><LangID>3</LangID><COUNTRYID>8</COUNTRYID><LANGDISP>fr-FR</LANGDISP><Active>TRUE</Active></PageList> 
<PageList><ID>21</ID><LabelMstID>tblGallary</LabelMstID><FieldName>aTitle</FieldName><LabelID>lblaTitle2h</LabelID><LabelName>أتيتلي</LabelName><LangID>2</LangID><COUNTRYID>8</COUNTRYID><LANGDISP>ar-KW</LANGDISP><Active>TRUE</Active></PageList> 
<PageList><ID>22</ID><LabelMstID>tblGallary</LabelMstID><FieldName>fTitle</FieldName><LabelID>lblfTitle1s</LabelID><LabelName>Ftitle</LabelName><LangID>1</LangID><COUNTRYID>8</COUNTRYID><LANGDISP>en-US</LANGDISP><Active>TRUE</Active></PageList> 
<PageList><ID>23</ID><LabelMstID>tblGallary</LabelMstID><FieldName>fTitle</FieldName><LabelID>lblfTitle1s</LabelID><LabelName>Ftitle</LabelName><LangID>3</LangID><COUNTRYID>8</COUNTRYID><LANGDISP>fr-FR</LANGDISP><Active>TRUE</Active></PageList> 
<PageList><ID>24</ID><LabelMstID>tblGallary</LabelMstID><FieldName>fTitle</FieldName><LabelID>lblfTitle2h</LabelID><LabelName>فتيتلي</LabelName><LangID>2</LangID><COUNTRYID>8</COUNTRYID><LANGDISP>ar-KW</LANGDISP><Active>TRUE</Active></PageList> 
<PageList><ID>25</ID><LabelMstID>tblGallary</LabelMstID><FieldName>NULL</FieldName><LabelID>lblHeader1s</LabelID><LabelName>tblGallary</LabelName><LangID>1</LangID><COUNTRYID>8</COUNTRYID><LANGDISP>en-US</LANGDISP><Active>TRUE</Active></PageList> 
<PageList><ID>26</ID><LabelMstID>tblGallary</LabelMstID><FieldName>NULL</FieldName><LabelID>lblHeader1s</LabelID><LabelName>tblGallary</LabelName><LangID>3</LangID><COUNTRYID>8</COUNTRYID><LANGDISP>fr-FR</LANGDISP><Active>TRUE</Active></PageList> 
<PageList><ID>27</ID><LabelMstID>tblGallary</LabelMstID><FieldName>NULL</FieldName><LabelID>lblHeader2h</LabelID><LabelName>تبلجالاري</LabelName><LangID>2</LangID><COUNTRYID>8</COUNTRYID><LANGDISP>ar-KW</LANGDISP><Active>TRUE</Active></PageList> 

</TBLLabelDTL>