<?xml version="1.0" standalone="yes"?>
<TBLLabelDTL>
  <PageList>
    <ID>1</ID>
    <LabelMstID>TBLSYSTEMS</LabelMstID>
    <FieldName>TenantID</FieldName>
    <LabelID>lblTenantID1s</LabelID>
    <LabelName>TBLSYSTEMS</LabelName>
    <LangID>1</LangID>
    <COUNTRYID>8</COUNTRYID>
    <LANGDISP>en-US</LANGDISP>
    <Active>TRUE</Active>
  </PageList>
  <PageList>
    <ID>2</ID>
    <LabelMstID>TBLSYSTEMS</LabelMstID>
    <FieldName>TenantID</FieldName>
    <LabelID>lblTenantID1s</LabelID>
    <LabelName>Nom du locataire</LabelName>
    <LangID>3</LangID>
    <COUNTRYID>8</COUNTRYID>
    <LANGDISP>fr-FR</LANGDISP>
    <Active>TRUE</Active>
  </PageList>
  <PageList>
    <ID>3</ID>
    <LabelMstID>TBLSYSTEMS</LabelMstID>
    <FieldName>TenantID</FieldName>
    <LabelID>lblTenantID2h</LabelID>
    <LabelName>اسم المستأجر</LabelName>
    <LangID>2</LangID>
    <COUNTRYID>8</COUNTRYID>
    <LANGDISP>ar-KW</LANGDISP>
    <Active>TRUE</Active>
  </PageList>
  <PageList>
    <ID>4</ID>
    <LabelMstID>TBLSYSTEMS</LabelMstID>
    <FieldName>MYID</FieldName>
    <LabelID>lblMYID1s</LabelID>
    <LabelName>TBLSYSTEMS</LabelName>
    <LangID>1</LangID>
    <COUNTRYID>8</COUNTRYID>
    <LANGDISP>en-US</LANGDISP>
    <Active>TRUE</Active>
  </PageList>
  <PageList>
    <ID>5</ID>
    <LabelMstID>TBLSYSTEMS</LabelMstID>
    <FieldName>MYID</FieldName>
    <LabelID>lblMYID1s</LabelID>
    <LabelName>Mon nom</LabelName>
    <LangID>3</LangID>
    <COUNTRYID>8</COUNTRYID>
    <LANGDISP>fr-FR</LANGDISP>
    <Active>TRUE</Active>
  </PageList>
  <PageList>
    <ID>6</ID>
    <LabelMstID>TBLSYSTEMS</LabelMstID>
    <FieldName>MYID</FieldName>
    <LabelID>lblMYID2h</LabelID>
    <LabelName>اسمي</LabelName>
    <LangID>2</LangID>
    <COUNTRYID>8</COUNTRYID>
    <LANGDISP>ar-KW</LANGDISP>
    <Active>TRUE</Active>
  </PageList>
  <PageList>
    <ID>7</ID>
    <LabelMstID>TBLSYSTEMS</LabelMstID>
    <FieldName>MYSYSNAME</FieldName>
    <LabelID>lblMYSYSNAME1s</LabelID>
    <LabelName>My_System_name</LabelName>
    <LangID>1</LangID>
    <COUNTRYID>8</COUNTRYID>
    <LANGDISP>en-US</LANGDISP>
    <Active>TRUE</Active>
  </PageList>
  <PageList>
    <ID>8</ID>
    <LabelMstID>TBLSYSTEMS</LabelMstID>
    <FieldName>MYSYSNAME</FieldName>
    <LabelID>lblMYSYSNAME1s</LabelID>
    <LabelName>Mysysname</LabelName>
    <LangID>3</LangID>
    <COUNTRYID>8</COUNTRYID>
    <LANGDISP>fr-FR</LANGDISP>
    <Active>TRUE</Active>
  </PageList>
  <PageList>
    <ID>9</ID>
    <LabelMstID>TBLSYSTEMS</LabelMstID>
    <FieldName>MYSYSNAME</FieldName>
    <LabelID>lblMYSYSNAME2h</LabelID>
    <LabelName>ميسيسنامي</LabelName>
    <LangID>2</LangID>
    <COUNTRYID>8</COUNTRYID>
    <LANGDISP>ar-KW</LANGDISP>
    <Active>TRUE</Active>
  </PageList>
  <PageList>
    <ID>10</ID>
    <LabelMstID>TBLSYSTEMS</LabelMstID>
    <FieldName>SYSDESC1</FieldName>
    <LabelID>lblSYSDESC11s</LabelID>
    <LabelName>System_Desc-1</LabelName>
    <LangID>1</LangID>
    <COUNTRYID>8</COUNTRYID>
    <LANGDISP>en-US</LANGDISP>
    <Active>TRUE</Active>
  </PageList>
  <PageList>
    <ID>11</ID>
    <LabelMstID>TBLSYSTEMS</LabelMstID>
    <FieldName>SYSDESC1</FieldName>
    <LabelID>lblSYSDESC11s</LabelID>
    <LabelName>Sysdesc1</LabelName>
    <LangID>3</LangID>
    <COUNTRYID>8</COUNTRYID>
    <LANGDISP>fr-FR</LANGDISP>
    <Active>TRUE</Active>
  </PageList>
  <PageList>
    <ID>12</ID>
    <LabelMstID>TBLSYSTEMS</LabelMstID>
    <FieldName>SYSDESC1</FieldName>
    <LabelID>lblSYSDESC12h</LabelID>
    <LabelName>Sysdesc1</LabelName>
    <LangID>2</LangID>
    <COUNTRYID>8</COUNTRYID>
    <LANGDISP>ar-KW</LANGDISP>
    <Active>TRUE</Active>
  </PageList>
  <PageList>
    <ID>13</ID>
    <LabelMstID>TBLSYSTEMS</LabelMstID>
    <FieldName>SYSDESC2</FieldName>
    <LabelID>lblSYSDESC21s</LabelID>
    <LabelName>System_Desc-2</LabelName>
    <LangID>1</LangID>
    <COUNTRYID>8</COUNTRYID>
    <LANGDISP>en-US</LANGDISP>
    <Active>TRUE</Active>
  </PageList>
  <PageList>
    <ID>14</ID>
    <LabelMstID>TBLSYSTEMS</LabelMstID>
    <FieldName>SYSDESC2</FieldName>
    <LabelID>lblSYSDESC21s</LabelID>
    <LabelName>Sysdesc2</LabelName>
    <LangID>3</LangID>
    <COUNTRYID>8</COUNTRYID>
    <LANGDISP>fr-FR</LANGDISP>
    <Active>TRUE</Active>
  </PageList>
  <PageList>
    <ID>15</ID>
    <LabelMstID>TBLSYSTEMS</LabelMstID>
    <FieldName>SYSDESC2</FieldName>
    <LabelID>lblSYSDESC22h</LabelID>
    <LabelName>Sysdesc2</LabelName>
    <LangID>2</LangID>
    <COUNTRYID>8</COUNTRYID>
    <LANGDISP>ar-KW</LANGDISP>
    <Active>TRUE</Active>
  </PageList>
  <PageList>
    <ID>16</ID>
    <LabelMstID>TBLSYSTEMS</LabelMstID>
    <FieldName>SYSDESC3</FieldName>
    <LabelID>lblSYSDESC31s</LabelID>
    <LabelName>System_Desc-3</LabelName>
    <LangID>1</LangID>
    <COUNTRYID>8</COUNTRYID>
    <LANGDISP>en-US</LANGDISP>
    <Active>TRUE</Active>
  </PageList>
  <PageList>
    <ID>17</ID>
    <LabelMstID>TBLSYSTEMS</LabelMstID>
    <FieldName>SYSDESC3</FieldName>
    <LabelID>lblSYSDESC31s</LabelID>
    <LabelName>Sysdesc3</LabelName>
    <LangID>3</LangID>
    <COUNTRYID>8</COUNTRYID>
    <LANGDISP>fr-FR</LANGDISP>
    <Active>TRUE</Active>
  </PageList>
  <PageList>
    <ID>18</ID>
    <LabelMstID>TBLSYSTEMS</LabelMstID>
    <FieldName>SYSDESC3</FieldName>
    <LabelID>lblSYSDESC32h</LabelID>
    <LabelName>Sysdesc3</LabelName>
    <LangID>2</LangID>
    <COUNTRYID>8</COUNTRYID>
    <LANGDISP>ar-KW</LANGDISP>
    <Active>TRUE</Active>
  </PageList>
  <PageList>
    <ID>19</ID>
    <LabelMstID>TBLSYSTEMS</LabelMstID>
    <FieldName>SHORTNAME</FieldName>
    <LabelID>lblSHORTNAME1s</LabelID>
    <LabelName>System_Short_Name</LabelName>
    <LangID>1</LangID>
    <COUNTRYID>8</COUNTRYID>
    <LANGDISP>en-US</LANGDISP>
    <Active>TRUE</Active>
  </PageList>
  <PageList>
    <ID>20</ID>
    <LabelMstID>TBLSYSTEMS</LabelMstID>
    <FieldName>SHORTNAME</FieldName>
    <LabelID>lblSHORTNAME1s</LabelID>
    <LabelName>ShortName</LabelName>
    <LangID>3</LangID>
    <COUNTRYID>8</COUNTRYID>
    <LANGDISP>fr-FR</LANGDISP>
    <Active>TRUE</Active>
  </PageList>
  <PageList>
    <ID>21</ID>
    <LabelMstID>TBLSYSTEMS</LabelMstID>
    <FieldName>SHORTNAME</FieldName>
    <LabelID>lblSHORTNAME2h</LabelID>
    <LabelName>Shortname</LabelName>
    <LangID>2</LangID>
    <COUNTRYID>8</COUNTRYID>
    <LANGDISP>ar-KW</LANGDISP>
    <Active>TRUE</Active>
  </PageList>
  <PageList>
    <ID>22</ID>
    <LabelMstID>TBLSYSTEMS</LabelMstID>
    <FieldName>REMARKS</FieldName>
    <LabelID>lblREMARKS1s</LabelID>
    <LabelName>Remarks</LabelName>
    <LangID>1</LangID>
    <COUNTRYID>8</COUNTRYID>
    <LANGDISP>en-US</LANGDISP>
    <Active>TRUE</Active>
  </PageList>
  <PageList>
    <ID>23</ID>
    <LabelMstID>TBLSYSTEMS</LabelMstID>
    <FieldName>REMARKS</FieldName>
    <LabelID>lblREMARKS1s</LabelID>
    <LabelName>Remarques</LabelName>
    <LangID>3</LangID>
    <COUNTRYID>8</COUNTRYID>
    <LANGDISP>fr-FR</LANGDISP>
    <Active>TRUE</Active>
  </PageList>
  <PageList>
    <ID>24</ID>
    <LabelMstID>TBLSYSTEMS</LabelMstID>
    <FieldName>REMARKS</FieldName>
    <LabelID>lblREMARKS2h</LabelID>
    <LabelName>الملاحظات</LabelName>
    <LangID>2</LangID>
    <COUNTRYID>8</COUNTRYID>
    <LANGDISP>ar-KW</LANGDISP>
    <Active>TRUE</Active>
  </PageList>
  <PageList>
    <ID>25</ID>
    <LabelMstID>TBLSYSTEMS</LabelMstID>
    <FieldName>STARTDATE</FieldName>
    <LabelID>lblSTARTDATE1s</LabelID>
    <LabelName>Start_Date</LabelName>
    <LangID>1</LangID>
    <COUNTRYID>8</COUNTRYID>
    <LANGDISP>en-US</LANGDISP>
    <Active>TRUE</Active>
  </PageList>
  <PageList>
    <ID>26</ID>
    <LabelMstID>TBLSYSTEMS</LabelMstID>
    <FieldName>STARTDATE</FieldName>
    <LabelID>lblSTARTDATE1s</LabelID>
    <LabelName>StartDate</LabelName>
    <LangID>3</LangID>
    <COUNTRYID>8</COUNTRYID>
    <LANGDISP>fr-FR</LANGDISP>
    <Active>TRUE</Active>
  </PageList>
  <PageList>
    <ID>27</ID>
    <LabelMstID>TBLSYSTEMS</LabelMstID>
    <FieldName>STARTDATE</FieldName>
    <LabelID>lblSTARTDATE2h</LabelID>
    <LabelName>Startdate</LabelName>
    <LangID>2</LangID>
    <COUNTRYID>8</COUNTRYID>
    <LANGDISP>ar-KW</LANGDISP>
    <Active>TRUE</Active>
  </PageList>
  <PageList>
    <ID>28</ID>
    <LabelMstID>TBLSYSTEMS</LabelMstID>
    <FieldName>CRUP_ID</FieldName>
    <LabelID>lblCRUP_ID1s</LabelID>
    <LabelName>TBLSYSTEMS</LabelName>
    <LangID>1</LangID>
    <COUNTRYID>8</COUNTRYID>
    <LANGDISP>en-US</LANGDISP>
    <Active>TRUE</Active>
  </PageList>
  <PageList>
    <ID>29</ID>
    <LabelMstID>TBLSYSTEMS</LabelMstID>
    <FieldName>CRUP_ID</FieldName>
    <LabelID>lblCRUP_ID1s</LabelID>
    <LabelName>Crup nom</LabelName>
    <LangID>3</LangID>
    <COUNTRYID>8</COUNTRYID>
    <LANGDISP>fr-FR</LANGDISP>
    <Active>TRUE</Active>
  </PageList>
  <PageList>
    <ID>30</ID>
    <LabelMstID>TBLSYSTEMS</LabelMstID>
    <FieldName>CRUP_ID</FieldName>
    <LabelID>lblCRUP_ID2h</LabelID>
    <LabelName>اسم Crup</LabelName>
    <LangID>2</LangID>
    <COUNTRYID>8</COUNTRYID>
    <LANGDISP>ar-KW</LANGDISP>
    <Active>TRUE</Active>
  </PageList>
  <PageList>
    <ID>31</ID>
    <LabelMstID>TBLSYSTEMS</LabelMstID>
    <FieldName>ACTIVE</FieldName>
    <LabelID>lblACTIVE1s</LabelID>
    <LabelName>TBLSYSTEMS</LabelName>
    <LangID>1</LangID>
    <COUNTRYID>8</COUNTRYID>
    <LANGDISP>en-US</LANGDISP>
    <Active>TRUE</Active>
  </PageList>
  <PageList>
    <ID>32</ID>
    <LabelMstID>TBLSYSTEMS</LabelMstID>
    <FieldName>ACTIVE</FieldName>
    <LabelID>lblACTIVE1s</LabelID>
    <LabelName>Actif</LabelName>
    <LangID>3</LangID>
    <COUNTRYID>8</COUNTRYID>
    <LANGDISP>fr-FR</LANGDISP>
    <Active>TRUE</Active>
  </PageList>
  <PageList>
    <ID>33</ID>
    <LabelMstID>TBLSYSTEMS</LabelMstID>
    <FieldName>ACTIVE</FieldName>
    <LabelID>lblACTIVE2h</LabelID>
    <LabelName>النشطة</LabelName>
    <LangID>2</LangID>
    <COUNTRYID>8</COUNTRYID>
    <LANGDISP>ar-KW</LANGDISP>
    <Active>TRUE</Active>
  </PageList>
  <PageList>
    <ID>34</ID>
    <LabelMstID>TBLSYSTEMS</LabelMstID>
    <FieldName>SYSDESC</FieldName>
    <LabelID>lblSYSDESC1s</LabelID>
    <LabelName>System_Desc</LabelName>
    <LangID>1</LangID>
    <COUNTRYID>8</COUNTRYID>
    <LANGDISP>en-US</LANGDISP>
    <Active>TRUE</Active>
  </PageList>
  <PageList>
    <ID>35</ID>
    <LabelMstID>TBLSYSTEMS</LabelMstID>
    <FieldName>SYSDESC</FieldName>
    <LabelID>lblSYSDESC1s</LabelID>
    <LabelName>Sysdesc</LabelName>
    <LangID>3</LangID>
    <COUNTRYID>8</COUNTRYID>
    <LANGDISP>fr-FR</LANGDISP>
    <Active>TRUE</Active>
  </PageList>
  <PageList>
    <ID>36</ID>
    <LabelMstID>TBLSYSTEMS</LabelMstID>
    <FieldName>SYSDESC</FieldName>
    <LabelID>lblSYSDESC2h</LabelID>
    <LabelName>سيسديسك</LabelName>
    <LangID>2</LangID>
    <COUNTRYID>8</COUNTRYID>
    <LANGDISP>ar-KW</LANGDISP>
    <Active>TRUE</Active>
  </PageList>
  <PageList>
    <ID>37</ID>
    <LabelMstID>TBLSYSTEMS</LabelMstID>
    <FieldName>SYSDESCO</FieldName>
    <LabelID>lblSYSDESCO1s</LabelID>
    <LabelName>Sysdesco</LabelName>
    <LangID>1</LangID>
    <COUNTRYID>8</COUNTRYID>
    <LANGDISP>en-US</LANGDISP>
    <Active>TRUE</Active>
  </PageList>
  <PageList>
    <ID>38</ID>
    <LabelMstID>TBLSYSTEMS</LabelMstID>
    <FieldName>SYSDESCO</FieldName>
    <LabelID>lblSYSDESCO1s</LabelID>
    <LabelName>Sysdesco</LabelName>
    <LangID>3</LangID>
    <COUNTRYID>8</COUNTRYID>
    <LANGDISP>fr-FR</LANGDISP>
    <Active>TRUE</Active>
  </PageList>
  <PageList>
    <ID>39</ID>
    <LabelMstID>TBLSYSTEMS</LabelMstID>
    <FieldName>SYSDESCO</FieldName>
    <LabelID>lblSYSDESCO2h</LabelID>
    <LabelName>سيسديسكو</LabelName>
    <LangID>2</LangID>
    <COUNTRYID>8</COUNTRYID>
    <LANGDISP>ar-KW</LANGDISP>
    <Active>TRUE</Active>
  </PageList>
  <PageList>
    <ID>40</ID>
    <LabelMstID>TBLSYSTEMS</LabelMstID>
    <FieldName>SYSDESCCH</FieldName>
    <LabelID>lblSYSDESCCH1s</LabelID>
    <LabelName>Sysdescch</LabelName>
    <LangID>1</LangID>
    <COUNTRYID>8</COUNTRYID>
    <LANGDISP>en-US</LANGDISP>
    <Active>TRUE</Active>
  </PageList>
  <PageList>
    <ID>41</ID>
    <LabelMstID>TBLSYSTEMS</LabelMstID>
    <FieldName>SYSDESCCH</FieldName>
    <LabelID>lblSYSDESCCH1s</LabelID>
    <LabelName>Sysdescch</LabelName>
    <LangID>3</LangID>
    <COUNTRYID>8</COUNTRYID>
    <LANGDISP>fr-FR</LANGDISP>
    <Active>TRUE</Active>
  </PageList>
  <PageList>
    <ID>42</ID>
    <LabelMstID>TBLSYSTEMS</LabelMstID>
    <FieldName>SYSDESCCH</FieldName>
    <LabelID>lblSYSDESCCH2h</LabelID>
    <LabelName>سيسديسكتش</LabelName>
    <LangID>2</LangID>
    <COUNTRYID>8</COUNTRYID>
    <LANGDISP>ar-KW</LANGDISP>
    <Active>TRUE</Active>
  </PageList>
  <PageList>
    <ID>43</ID>
    <LabelMstID>TBLSYSTEMS</LabelMstID>
    <FieldName>NULL</FieldName>
    <LabelID>lblHeader1s</LabelID>
    <LabelName>TBLSYSTEMS</LabelName>
    <LangID>1</LangID>
    <COUNTRYID>8</COUNTRYID>
    <LANGDISP>en-US</LANGDISP>
    <Active>TRUE</Active>
  </PageList>
  <PageList>
    <ID>44</ID>
    <LabelMstID>TBLSYSTEMS</LabelMstID>
    <FieldName>NULL</FieldName>
    <LabelID>lblHeader1s</LabelID>
    <LabelName>TBLSYSTEMS</LabelName>
    <LangID>3</LangID>
    <COUNTRYID>8</COUNTRYID>
    <LANGDISP>fr-FR</LANGDISP>
    <Active>TRUE</Active>
  </PageList>
  <PageList>
    <ID>45</ID>
    <LabelMstID>TBLSYSTEMS</LabelMstID>
    <FieldName>NULL</FieldName>
    <LabelID>lblHeader2h</LabelID>
    <LabelName>تبلسيستيمس</LabelName>
    <LangID>2</LangID>
    <COUNTRYID>8</COUNTRYID>
    <LANGDISP>ar-KW</LANGDISP>
    <Active>TRUE</Active>
  </PageList>
</TBLLabelDTL>