<?xml version="1.0" standalone="yes"?>
<TBLLabelDTL>
<PageList><ID>1</ID><LabelMstID>tbltranstype</LabelMstID><FieldName>TenantID</FieldName><LabelID>lblTenantID1s</LabelID><LabelName>Tenant name</LabelName><LangID>1</LangID><COUNTRYID>8</COUNTRYID><LANGDISP>en-US</LANGDISP><Active>TRUE</Active></PageList> 
<PageList><ID>2</ID><LabelMstID>tbltranstype</LabelMstID><FieldName>TenantID</FieldName><LabelID>lblTenantID1s</LabelID><LabelName>Nom du locataire</LabelName><LangID>3</LangID><COUNTRYID>8</COUNTRYID><LANGDISP>fr-FR</LANGDISP><Active>TRUE</Active></PageList> 
<PageList><ID>3</ID><LabelMstID>tbltranstype</LabelMstID><FieldName>TenantID</FieldName><LabelID>lblTenantID2h</LabelID><LabelName>اسم المستأجر</LabelName><LangID>2</LangID><COUNTRYID>8</COUNTRYID><LANGDISP>ar-KW</LANGDISP><Active>TRUE</Active></PageList> 
<PageList><ID>4</ID><LabelMstID>tbltranstype</LabelMstID><FieldName>transid</FieldName><LabelID>lbltransid1s</LabelID><LabelName>Transid</LabelName><LangID>1</LangID><COUNTRYID>8</COUNTRYID><LANGDISP>en-US</LANGDISP><Active>TRUE</Active></PageList> 
<PageList><ID>5</ID><LabelMstID>tbltranstype</LabelMstID><FieldName>transid</FieldName><LabelID>lbltransid1s</LabelID><LabelName>Transid</LabelName><LangID>3</LangID><COUNTRYID>8</COUNTRYID><LANGDISP>fr-FR</LANGDISP><Active>TRUE</Active></PageList> 
<PageList><ID>6</ID><LabelMstID>tbltranstype</LabelMstID><FieldName>transid</FieldName><LabelID>lbltransid2h</LabelID><LabelName>ترانسيد</LabelName><LangID>2</LangID><COUNTRYID>8</COUNTRYID><LANGDISP>ar-KW</LANGDISP><Active>TRUE</Active></PageList> 
<PageList><ID>7</ID><LabelMstID>tbltranstype</LabelMstID><FieldName>MYSYSNAME</FieldName><LabelID>lblMYSYSNAME1s</LabelID><LabelName>My sysname</LabelName><LangID>1</LangID><COUNTRYID>8</COUNTRYID><LANGDISP>en-US</LANGDISP><Active>TRUE</Active></PageList> 
<PageList><ID>8</ID><LabelMstID>tbltranstype</LabelMstID><FieldName>MYSYSNAME</FieldName><LabelID>lblMYSYSNAME1s</LabelID><LabelName>Mon type sysname</LabelName><LangID>3</LangID><COUNTRYID>8</COUNTRYID><LANGDISP>fr-FR</LANGDISP><Active>TRUE</Active></PageList> 
<PageList><ID>9</ID><LabelMstID>tbltranstype</LabelMstID><FieldName>MYSYSNAME</FieldName><LabelID>lblMYSYSNAME2h</LabelID><LabelName>بي sysname</LabelName><LangID>2</LangID><COUNTRYID>8</COUNTRYID><LANGDISP>ar-KW</LANGDISP><Active>TRUE</Active></PageList> 
<PageList><ID>10</ID><LabelMstID>tbltranstype</LabelMstID><FieldName>inoutSwitch</FieldName><LabelID>lblinoutSwitch1s</LabelID><LabelName>In out switch</LabelName><LangID>1</LangID><COUNTRYID>8</COUNTRYID><LANGDISP>en-US</LANGDISP><Active>TRUE</Active></PageList> 
<PageList><ID>11</ID><LabelMstID>tbltranstype</LabelMstID><FieldName>inoutSwitch</FieldName><LabelID>lblinoutSwitch1s</LabelID><LabelName>À commutateur</LabelName><LangID>3</LangID><COUNTRYID>8</COUNTRYID><LANGDISP>fr-FR</LANGDISP><Active>TRUE</Active></PageList> 
<PageList><ID>12</ID><LabelMstID>tbltranstype</LabelMstID><FieldName>inoutSwitch</FieldName><LabelID>lblinoutSwitch2h</LabelID><LabelName>في أصل التبديل</LabelName><LangID>2</LangID><COUNTRYID>8</COUNTRYID><LANGDISP>ar-KW</LANGDISP><Active>TRUE</Active></PageList> 
<PageList><ID>13</ID><LabelMstID>tbltranstype</LabelMstID><FieldName>transtype1</FieldName><LabelID>lbltranstype11s</LabelID><LabelName>Trans type Name 1</LabelName><LangID>1</LangID><COUNTRYID>8</COUNTRYID><LANGDISP>en-US</LANGDISP><Active>TRUE</Active></PageList> 
<PageList><ID>14</ID><LabelMstID>tbltranstype</LabelMstID><FieldName>transtype1</FieldName><LabelID>lbltranstype11s</LabelID><LabelName>TRANS de type nom 1</LabelName><LangID>3</LangID><COUNTRYID>8</COUNTRYID><LANGDISP>fr-FR</LANGDISP><Active>TRUE</Active></PageList> 
<PageList><ID>15</ID><LabelMstID>tbltranstype</LabelMstID><FieldName>transtype1</FieldName><LabelID>lbltranstype12h</LabelID><LabelName>عبر اكتب اسم 1</LabelName><LangID>2</LangID><COUNTRYID>8</COUNTRYID><LANGDISP>ar-KW</LANGDISP><Active>TRUE</Active></PageList> 
<PageList><ID>16</ID><LabelMstID>tbltranstype</LabelMstID><FieldName>transtype2</FieldName><LabelID>lbltranstype21s</LabelID><LabelName>Trans type Name 2</LabelName><LangID>1</LangID><COUNTRYID>8</COUNTRYID><LANGDISP>en-US</LANGDISP><Active>TRUE</Active></PageList> 
<PageList><ID>17</ID><LabelMstID>tbltranstype</LabelMstID><FieldName>transtype2</FieldName><LabelID>lbltranstype21s</LabelID><LabelName>TRANS de type nom 2</LabelName><LangID>3</LangID><COUNTRYID>8</COUNTRYID><LANGDISP>fr-FR</LANGDISP><Active>TRUE</Active></PageList> 
<PageList><ID>18</ID><LabelMstID>tbltranstype</LabelMstID><FieldName>transtype2</FieldName><LabelID>lbltranstype22h</LabelID><LabelName>عبر اكتب اسم 2</LabelName><LangID>2</LangID><COUNTRYID>8</COUNTRYID><LANGDISP>ar-KW</LANGDISP><Active>TRUE</Active></PageList> 
<PageList><ID>19</ID><LabelMstID>tbltranstype</LabelMstID><FieldName>transtype3</FieldName><LabelID>lbltranstype31s</LabelID><LabelName>Trans type Name 3</LabelName><LangID>1</LangID><COUNTRYID>8</COUNTRYID><LANGDISP>en-US</LANGDISP><Active>TRUE</Active></PageList> 
<PageList><ID>20</ID><LabelMstID>tbltranstype</LabelMstID><FieldName>transtype3</FieldName><LabelID>lbltranstype31s</LabelID><LabelName>Type de trans nom 3</LabelName><LangID>3</LangID><COUNTRYID>8</COUNTRYID><LANGDISP>fr-FR</LANGDISP><Active>TRUE</Active></PageList> 
<PageList><ID>21</ID><LabelMstID>tbltranstype</LabelMstID><FieldName>transtype3</FieldName><LabelID>lbltranstype32h</LabelID><LabelName>عبر اكتب اسم 3</LabelName><LangID>2</LangID><COUNTRYID>8</COUNTRYID><LANGDISP>ar-KW</LANGDISP><Active>TRUE</Active></PageList> 
<PageList><ID>22</ID><LabelMstID>tbltranstype</LabelMstID><FieldName>serialno</FieldName><LabelID>lblserialno1s</LabelID><LabelName>Serial no</LabelName><LangID>1</LangID><COUNTRYID>8</COUNTRYID><LANGDISP>en-US</LANGDISP><Active>TRUE</Active></PageList> 
<PageList><ID>23</ID><LabelMstID>tbltranstype</LabelMstID><FieldName>serialno</FieldName><LabelID>lblserialno1s</LabelID><LabelName>N ° de série</LabelName><LangID>3</LangID><COUNTRYID>8</COUNTRYID><LANGDISP>fr-FR</LANGDISP><Active>TRUE</Active></PageList> 
<PageList><ID>24</ID><LabelMstID>tbltranstype</LabelMstID><FieldName>serialno</FieldName><LabelID>lblserialno2h</LabelID><LabelName>رقم المسلسل</LabelName><LangID>2</LangID><COUNTRYID>8</COUNTRYID><LANGDISP>ar-KW</LANGDISP><Active>TRUE</Active></PageList> 
<PageList><ID>25</ID><LabelMstID>tbltranstype</LabelMstID><FieldName>years</FieldName><LabelID>lblyears1s</LabelID><LabelName>Years</LabelName><LangID>1</LangID><COUNTRYID>8</COUNTRYID><LANGDISP>en-US</LANGDISP><Active>TRUE</Active></PageList> 
<PageList><ID>26</ID><LabelMstID>tbltranstype</LabelMstID><FieldName>years</FieldName><LabelID>lblyears1s</LabelID><LabelName>Années</LabelName><LangID>3</LangID><COUNTRYID>8</COUNTRYID><LANGDISP>fr-FR</LANGDISP><Active>TRUE</Active></PageList> 
<PageList><ID>27</ID><LabelMstID>tbltranstype</LabelMstID><FieldName>years</FieldName><LabelID>lblyears2h</LabelID><LabelName>السنوات</LabelName><LangID>2</LangID><COUNTRYID>8</COUNTRYID><LANGDISP>ar-KW</LANGDISP><Active>TRUE</Active></PageList> 
<PageList><ID>28</ID><LabelMstID>tbltranstype</LabelMstID><FieldName>Active</FieldName><LabelID>lblActive1s</LabelID><LabelName>Active</LabelName><LangID>1</LangID><COUNTRYID>8</COUNTRYID><LANGDISP>en-US</LANGDISP><Active>TRUE</Active></PageList> 
<PageList><ID>29</ID><LabelMstID>tbltranstype</LabelMstID><FieldName>Active</FieldName><LabelID>lblActive1s</LabelID><LabelName>Actif</LabelName><LangID>3</LangID><COUNTRYID>8</COUNTRYID><LANGDISP>fr-FR</LANGDISP><Active>TRUE</Active></PageList> 
<PageList><ID>30</ID><LabelMstID>tbltranstype</LabelMstID><FieldName>Active</FieldName><LabelID>lblActive2h</LabelID><LabelName>النشطة</LabelName><LangID>2</LangID><COUNTRYID>8</COUNTRYID><LANGDISP>ar-KW</LANGDISP><Active>TRUE</Active></PageList> 
<PageList><ID>31</ID><LabelMstID>tbltranstype</LabelMstID><FieldName>CRUP_ID</FieldName><LabelID>lblCRUP_ID1s</LabelID><LabelName>Crup  name</LabelName><LangID>1</LangID><COUNTRYID>8</COUNTRYID><LANGDISP>en-US</LANGDISP><Active>TRUE</Active></PageList> 
<PageList><ID>32</ID><LabelMstID>tbltranstype</LabelMstID><FieldName>CRUP_ID</FieldName><LabelID>lblCRUP_ID1s</LabelID><LabelName>Crup nom</LabelName><LangID>3</LangID><COUNTRYID>8</COUNTRYID><LANGDISP>fr-FR</LANGDISP><Active>TRUE</Active></PageList> 
<PageList><ID>33</ID><LabelMstID>tbltranstype</LabelMstID><FieldName>CRUP_ID</FieldName><LabelID>lblCRUP_ID2h</LabelID><LabelName>اسم Crup</LabelName><LangID>2</LangID><COUNTRYID>8</COUNTRYID><LANGDISP>ar-KW</LANGDISP><Active>TRUE</Active></PageList> 
<PageList><ID>34</ID><LabelMstID>tbltranstype</LabelMstID><FieldName>transtype</FieldName><LabelID>lbltranstype1s</LabelID><LabelName>Trans type</LabelName><LangID>1</LangID><COUNTRYID>8</COUNTRYID><LANGDISP>en-US</LANGDISP><Active>TRUE</Active></PageList> 
<PageList><ID>35</ID><LabelMstID>tbltranstype</LabelMstID><FieldName>transtype</FieldName><LabelID>lbltranstype1s</LabelID><LabelName>Type de TRANS</LabelName><LangID>3</LangID><COUNTRYID>8</COUNTRYID><LANGDISP>fr-FR</LANGDISP><Active>TRUE</Active></PageList> 
<PageList><ID>36</ID><LabelMstID>tbltranstype</LabelMstID><FieldName>transtype</FieldName><LabelID>lbltranstype2h</LabelID><LabelName>نوع ترانس</LabelName><LangID>2</LangID><COUNTRYID>8</COUNTRYID><LANGDISP>ar-KW</LANGDISP><Active>TRUE</Active></PageList> 
<PageList><ID>37</ID><LabelMstID>tbltranstype</LabelMstID><FieldName>NULL</FieldName><LabelID>lblHeader1s</LabelID><LabelName>tbltranstype</LabelName><LangID>1</LangID><COUNTRYID>8</COUNTRYID><LANGDISP>en-US</LANGDISP><Active>TRUE</Active></PageList> 
<PageList><ID>38</ID><LabelMstID>tbltranstype</LabelMstID><FieldName>NULL</FieldName><LabelID>lblHeader1s</LabelID><LabelName>tbltranstype</LabelName><LangID>3</LangID><COUNTRYID>8</COUNTRYID><LANGDISP>fr-FR</LANGDISP><Active>TRUE</Active></PageList> 
<PageList><ID>39</ID><LabelMstID>tbltranstype</LabelMstID><FieldName>NULL</FieldName><LabelID>lblHeader2h</LabelID><LabelName>تبلترانستيبي</LabelName><LangID>2</LangID><COUNTRYID>8</COUNTRYID><LANGDISP>ar-KW</LANGDISP><Active>TRUE</Active></PageList> 

</TBLLabelDTL>