<?xml version="1.0" standalone="yes"?>
<TBLLabelDTL>
  <PageList>
    <ID>1</ID>
    <LabelMstID>tblWebsiteDataEntry</LabelMstID>
    <FieldName>TenentID</FieldName>
    <LabelID>lblTenentID1s</LabelID>
    <LabelName>WebsiteDataEntry</LabelName>
    <LangID>1</LangID>
    <COUNTRYID>8</COUNTRYID>
    <LANGDISP>en-US</LANGDISP>
    <Active>TRUE</Active>
  </PageList>
  <PageList>
    <ID>2</ID>
    <LabelMstID>tblWebsiteDataEntry</LabelMstID>
    <FieldName>TenentID</FieldName>
    <LabelID>lblTenentID1s</LabelID>
    <LabelName>Tenent nom</LabelName>
    <LangID>3</LangID>
    <COUNTRYID>8</COUNTRYID>
    <LANGDISP>fr-FR</LANGDISP>
    <Active>TRUE</Active>
  </PageList>
  <PageList>
    <ID>3</ID>
    <LabelMstID>tblWebsiteDataEntry</LabelMstID>
    <FieldName>TenentID</FieldName>
    <LabelID>lblTenentID2h</LabelID>
    <LabelName>اسم تينيت</LabelName>
    <LangID>2</LangID>
    <COUNTRYID>8</COUNTRYID>
    <LANGDISP>ar-KW</LANGDISP>
    <Active>TRUE</Active>
  </PageList>
  <PageList>
    <ID>4</ID>
    <LabelMstID>tblWebsiteDataEntry</LabelMstID>
    <FieldName>LocationID</FieldName>
    <LabelID>lblLocationID1s</LabelID>
    <LabelName>WebsiteDataEntry</LabelName>
    <LangID>1</LangID>
    <COUNTRYID>8</COUNTRYID>
    <LANGDISP>en-US</LANGDISP>
    <Active>TRUE</Active>
  </PageList>
  <PageList>
    <ID>5</ID>
    <LabelMstID>tblWebsiteDataEntry</LabelMstID>
    <FieldName>LocationID</FieldName>
    <LabelID>lblLocationID1s</LabelID>
    <LabelName>Nom de l’emplacement</LabelName>
    <LangID>3</LangID>
    <COUNTRYID>8</COUNTRYID>
    <LANGDISP>fr-FR</LANGDISP>
    <Active>TRUE</Active>
  </PageList>
  <PageList>
    <ID>6</ID>
    <LabelMstID>tblWebsiteDataEntry</LabelMstID>
    <FieldName>LocationID</FieldName>
    <LabelID>lblLocationID2h</LabelID>
    <LabelName>اسم الموقع</LabelName>
    <LangID>2</LangID>
    <COUNTRYID>8</COUNTRYID>
    <LANGDISP>ar-KW</LANGDISP>
    <Active>TRUE</Active>
  </PageList>
  <PageList>
    <ID>7</ID>
    <LabelMstID>tblWebsiteDataEntry</LabelMstID>
    <FieldName>ServiceID</FieldName>
    <LabelID>lblServiceID1s</LabelID>
    <LabelName>Service name</LabelName>
    <LangID>1</LangID>
    <COUNTRYID>8</COUNTRYID>
    <LANGDISP>en-US</LANGDISP>
    <Active>TRUE</Active>
  </PageList>
  <PageList>
    <ID>8</ID>
    <LabelMstID>tblWebsiteDataEntry</LabelMstID>
    <FieldName>ServiceID</FieldName>
    <LabelID>lblServiceID1s</LabelID>
    <LabelName>Nom du service</LabelName>
    <LangID>3</LangID>
    <COUNTRYID>8</COUNTRYID>
    <LANGDISP>fr-FR</LANGDISP>
    <Active>TRUE</Active>
  </PageList>
  <PageList>
    <ID>9</ID>
    <LabelMstID>tblWebsiteDataEntry</LabelMstID>
    <FieldName>ServiceID</FieldName>
    <LabelID>lblServiceID2h</LabelID>
    <LabelName>اسم الخدمة</LabelName>
    <LangID>2</LangID>
    <COUNTRYID>8</COUNTRYID>
    <LANGDISP>ar-KW</LANGDISP>
    <Active>TRUE</Active>
  </PageList>
  <PageList>
    <ID>10</ID>
    <LabelMstID>tblWebsiteDataEntry</LabelMstID>
    <FieldName>SeqNo</FieldName>
    <LabelID>lblSeqNo1s</LabelID>
    <LabelName>WebsiteDataEntry</LabelName>
    <LangID>1</LangID>
    <COUNTRYID>8</COUNTRYID>
    <LANGDISP>en-US</LANGDISP>
    <Active>TRUE</Active>
  </PageList>
  <PageList>
    <ID>11</ID>
    <LabelMstID>tblWebsiteDataEntry</LabelMstID>
    <FieldName>SeqNo</FieldName>
    <LabelID>lblSeqNo1s</LabelID>
    <LabelName>N° de séquence</LabelName>
    <LangID>3</LangID>
    <COUNTRYID>8</COUNTRYID>
    <LANGDISP>fr-FR</LANGDISP>
    <Active>TRUE</Active>
  </PageList>
  <PageList>
    <ID>12</ID>
    <LabelMstID>tblWebsiteDataEntry</LabelMstID>
    <FieldName>SeqNo</FieldName>
    <LabelID>lblSeqNo2h</LabelID>
    <LabelName>رقم التسلسل</LabelName>
    <LangID>2</LangID>
    <COUNTRYID>8</COUNTRYID>
    <LANGDISP>ar-KW</LANGDISP>
    <Active>TRUE</Active>
  </PageList>
  <PageList>
    <ID>13</ID>
    <LabelMstID>tblWebsiteDataEntry</LabelMstID>
    <FieldName>PassportNumber</FieldName>
    <LabelID>lblPassportNumber1s</LabelID>
    <LabelName>Passport Number</LabelName>
    <LangID>1</LangID>
    <COUNTRYID>8</COUNTRYID>
    <LANGDISP>en-US</LANGDISP>
    <Active>TRUE</Active>
  </PageList>
  <PageList>
    <ID>14</ID>
    <LabelMstID>tblWebsiteDataEntry</LabelMstID>
    <FieldName>PassportNumber</FieldName>
    <LabelID>lblPassportNumber1s</LabelID>
    <LabelName>Numéro de passeport</LabelName>
    <LangID>3</LangID>
    <COUNTRYID>8</COUNTRYID>
    <LANGDISP>fr-FR</LANGDISP>
    <Active>TRUE</Active>
  </PageList>
  <PageList>
    <ID>15</ID>
    <LabelMstID>tblWebsiteDataEntry</LabelMstID>
    <FieldName>PassportNumber</FieldName>
    <LabelID>lblPassportNumber2h</LabelID>
    <LabelName>رقم جواز السفر</LabelName>
    <LangID>2</LangID>
    <COUNTRYID>8</COUNTRYID>
    <LANGDISP>ar-KW</LANGDISP>
    <Active>TRUE</Active>
  </PageList>
  <PageList>
    <ID>16</ID>
    <LabelMstID>tblWebsiteDataEntry</LabelMstID>
    <FieldName>DOB</FieldName>
    <LabelID>lblDOB1s</LabelID>
    <LabelName>Date Of Birth</LabelName>
    <LangID>1</LangID>
    <COUNTRYID>8</COUNTRYID>
    <LANGDISP>en-US</LANGDISP>
    <Active>TRUE</Active>
  </PageList>
  <PageList>
    <ID>17</ID>
    <LabelMstID>tblWebsiteDataEntry</LabelMstID>
    <FieldName>DOB</FieldName>
    <LabelID>lblDOB1s</LabelID>
    <LabelName>Date de naissance</LabelName>
    <LangID>3</LangID>
    <COUNTRYID>8</COUNTRYID>
    <LANGDISP>fr-FR</LANGDISP>
    <Active>TRUE</Active>
  </PageList>
  <PageList>
    <ID>18</ID>
    <LabelMstID>tblWebsiteDataEntry</LabelMstID>
    <FieldName>DOB</FieldName>
    <LabelID>lblDOB2h</LabelID>
    <LabelName>تاريخ الميلاد</LabelName>
    <LangID>2</LangID>
    <COUNTRYID>8</COUNTRYID>
    <LANGDISP>ar-KW</LANGDISP>
    <Active>TRUE</Active>
  </PageList>
  <PageList>
    <ID>19</ID>
    <LabelMstID>tblWebsiteDataEntry</LabelMstID>
    <FieldName>POB</FieldName>
    <LabelID>lblPOB1s</LabelID>
    <LabelName>place Of Birth</LabelName>
    <LangID>1</LangID>
    <COUNTRYID>8</COUNTRYID>
    <LANGDISP>en-US</LANGDISP>
    <Active>TRUE</Active>
  </PageList>
  <PageList>
    <ID>20</ID>
    <LabelMstID>tblWebsiteDataEntry</LabelMstID>
    <FieldName>POB</FieldName>
    <LabelID>lblPOB1s</LabelID>
    <LabelName>Lieu de naissance</LabelName>
    <LangID>3</LangID>
    <COUNTRYID>8</COUNTRYID>
    <LANGDISP>fr-FR</LANGDISP>
    <Active>TRUE</Active>
  </PageList>
  <PageList>
    <ID>21</ID>
    <LabelMstID>tblWebsiteDataEntry</LabelMstID>
    <FieldName>POB</FieldName>
    <LabelID>lblPOB2h</LabelID>
    <LabelName>مكان الميلاد</LabelName>
    <LangID>2</LangID>
    <COUNTRYID>8</COUNTRYID>
    <LANGDISP>ar-KW</LANGDISP>
    <Active>TRUE</Active>
  </PageList>
  <PageList>
    <ID>22</ID>
    <LabelMstID>tblWebsiteDataEntry</LabelMstID>
    <FieldName>FullName</FieldName>
    <LabelID>lblFullName1s</LabelID>
    <LabelName>Full Name</LabelName>
    <LangID>1</LangID>
    <COUNTRYID>8</COUNTRYID>
    <LANGDISP>en-US</LANGDISP>
    <Active>TRUE</Active>
  </PageList>
  <PageList>
    <ID>23</ID>
    <LabelMstID>tblWebsiteDataEntry</LabelMstID>
    <FieldName>FullName</FieldName>
    <LabelID>lblFullName1s</LabelID>
    <LabelName>Nom et prénom</LabelName>
    <LangID>3</LangID>
    <COUNTRYID>8</COUNTRYID>
    <LANGDISP>fr-FR</LANGDISP>
    <Active>TRUE</Active>
  </PageList>
  <PageList>
    <ID>24</ID>
    <LabelMstID>tblWebsiteDataEntry</LabelMstID>
    <FieldName>FullName</FieldName>
    <LabelID>lblFullName2h</LabelID>
    <LabelName>الاسم الكامل</LabelName>
    <LangID>2</LangID>
    <COUNTRYID>8</COUNTRYID>
    <LANGDISP>ar-KW</LANGDISP>
    <Active>TRUE</Active>
  </PageList>
  <PageList>
    <ID>25</ID>
    <LabelMstID>tblWebsiteDataEntry</LabelMstID>
    <FieldName>Details</FieldName>
    <LabelID>lblDetails1s</LabelID>
    <LabelName>Details</LabelName>
    <LangID>1</LangID>
    <COUNTRYID>8</COUNTRYID>
    <LANGDISP>en-US</LANGDISP>
    <Active>TRUE</Active>
  </PageList>
  <PageList>
    <ID>26</ID>
    <LabelMstID>tblWebsiteDataEntry</LabelMstID>
    <FieldName>Details</FieldName>
    <LabelID>lblDetails1s</LabelID>
    <LabelName>Détails</LabelName>
    <LangID>3</LangID>
    <COUNTRYID>8</COUNTRYID>
    <LANGDISP>fr-FR</LANGDISP>
    <Active>TRUE</Active>
  </PageList>
  <PageList>
    <ID>27</ID>
    <LabelMstID>tblWebsiteDataEntry</LabelMstID>
    <FieldName>Details</FieldName>
    <LabelID>lblDetails2h</LabelID>
    <LabelName>تفاصيل</LabelName>
    <LangID>2</LangID>
    <COUNTRYID>8</COUNTRYID>
    <LANGDISP>ar-KW</LANGDISP>
    <Active>TRUE</Active>
  </PageList>
  <PageList>
    <ID>28</ID>
    <LabelMstID>tblWebsiteDataEntry</LabelMstID>
    <FieldName>eMail</FieldName>
    <LabelID>lbleMail1s</LabelID>
    <LabelName>Email</LabelName>
    <LangID>1</LangID>
    <COUNTRYID>8</COUNTRYID>
    <LANGDISP>en-US</LANGDISP>
    <Active>TRUE</Active>
  </PageList>
  <PageList>
    <ID>29</ID>
    <LabelMstID>tblWebsiteDataEntry</LabelMstID>
    <FieldName>eMail</FieldName>
    <LabelID>lbleMail1s</LabelID>
    <LabelName>Messagerie</LabelName>
    <LangID>3</LangID>
    <COUNTRYID>8</COUNTRYID>
    <LANGDISP>fr-FR</LANGDISP>
    <Active>TRUE</Active>
  </PageList>
  <PageList>
    <ID>30</ID>
    <LabelMstID>tblWebsiteDataEntry</LabelMstID>
    <FieldName>eMail</FieldName>
    <LabelID>lbleMail2h</LabelID>
    <LabelName>البريد الإلكتروني</LabelName>
    <LangID>2</LangID>
    <COUNTRYID>8</COUNTRYID>
    <LANGDISP>ar-KW</LANGDISP>
    <Active>TRUE</Active>
  </PageList>
  <PageList>
    <ID>31</ID>
    <LabelMstID>tblWebsiteDataEntry</LabelMstID>
    <FieldName>Remarks</FieldName>
    <LabelID>lblRemarks1s</LabelID>
    <LabelName>Remarks</LabelName>
    <LangID>1</LangID>
    <COUNTRYID>8</COUNTRYID>
    <LANGDISP>en-US</LANGDISP>
    <Active>TRUE</Active>
  </PageList>
  <PageList>
    <ID>32</ID>
    <LabelMstID>tblWebsiteDataEntry</LabelMstID>
    <FieldName>Remarks</FieldName>
    <LabelID>lblRemarks1s</LabelID>
    <LabelName>Remarques</LabelName>
    <LangID>3</LangID>
    <COUNTRYID>8</COUNTRYID>
    <LANGDISP>fr-FR</LANGDISP>
    <Active>TRUE</Active>
  </PageList>
  <PageList>
    <ID>33</ID>
    <LabelMstID>tblWebsiteDataEntry</LabelMstID>
    <FieldName>Remarks</FieldName>
    <LabelID>lblRemarks2h</LabelID>
    <LabelName>الملاحظات</LabelName>
    <LangID>2</LangID>
    <COUNTRYID>8</COUNTRYID>
    <LANGDISP>ar-KW</LANGDISP>
    <Active>TRUE</Active>
  </PageList>
  <PageList>
    <ID>34</ID>
    <LabelMstID>tblWebsiteDataEntry</LabelMstID>
    <FieldName>Status</FieldName>
    <LabelID>lblStatus1s</LabelID>
    <LabelName>Status</LabelName>
    <LangID>1</LangID>
    <COUNTRYID>8</COUNTRYID>
    <LANGDISP>en-US</LANGDISP>
    <Active>TRUE</Active>
  </PageList>
  <PageList>
    <ID>35</ID>
    <LabelMstID>tblWebsiteDataEntry</LabelMstID>
    <FieldName>Status</FieldName>
    <LabelID>lblStatus1s</LabelID>
    <LabelName>Statut</LabelName>
    <LangID>3</LangID>
    <COUNTRYID>8</COUNTRYID>
    <LANGDISP>fr-FR</LANGDISP>
    <Active>TRUE</Active>
  </PageList>
  <PageList>
    <ID>36</ID>
    <LabelMstID>tblWebsiteDataEntry</LabelMstID>
    <FieldName>Status</FieldName>
    <LabelID>lblStatus2h</LabelID>
    <LabelName>مركز</LabelName>
    <LangID>2</LangID>
    <COUNTRYID>8</COUNTRYID>
    <LANGDISP>ar-KW</LANGDISP>
    <Active>TRUE</Active>
  </PageList>
  <PageList>
    <ID>37</ID>
    <LabelMstID>tblWebsiteDataEntry</LabelMstID>
    <FieldName>Active</FieldName>
    <LabelID>lblActive1s</LabelID>
    <LabelName>Active</LabelName>
    <LangID>1</LangID>
    <COUNTRYID>8</COUNTRYID>
    <LANGDISP>en-US</LANGDISP>
    <Active>TRUE</Active>
  </PageList>
  <PageList>
    <ID>38</ID>
    <LabelMstID>tblWebsiteDataEntry</LabelMstID>
    <FieldName>Active</FieldName>
    <LabelID>lblActive1s</LabelID>
    <LabelName>Actif</LabelName>
    <LangID>3</LangID>
    <COUNTRYID>8</COUNTRYID>
    <LANGDISP>fr-FR</LANGDISP>
    <Active>TRUE</Active>
  </PageList>
  <PageList>
    <ID>39</ID>
    <LabelMstID>tblWebsiteDataEntry</LabelMstID>
    <FieldName>Active</FieldName>
    <LabelID>lblActive2h</LabelID>
    <LabelName>النشطة</LabelName>
    <LangID>2</LangID>
    <COUNTRYID>8</COUNTRYID>
    <LANGDISP>ar-KW</LANGDISP>
    <Active>TRUE</Active>
  </PageList>
  <PageList>
    <ID>40</ID>
    <LabelMstID>tblWebsiteDataEntry</LabelMstID>
    <FieldName>Deleted</FieldName>
    <LabelID>lblDeleted1s</LabelID>
    <LabelName>WebsiteDataEntry</LabelName>
    <LangID>1</LangID>
    <COUNTRYID>8</COUNTRYID>
    <LANGDISP>en-US</LANGDISP>
    <Active>TRUE</Active>
  </PageList>
  <PageList>
    <ID>41</ID>
    <LabelMstID>tblWebsiteDataEntry</LabelMstID>
    <FieldName>Deleted</FieldName>
    <LabelID>lblDeleted1s</LabelID>
    <LabelName>Supprimé</LabelName>
    <LangID>3</LangID>
    <COUNTRYID>8</COUNTRYID>
    <LANGDISP>fr-FR</LANGDISP>
    <Active>TRUE</Active>
  </PageList>
  <PageList>
    <ID>42</ID>
    <LabelMstID>tblWebsiteDataEntry</LabelMstID>
    <FieldName>Deleted</FieldName>
    <LabelID>lblDeleted2h</LabelID>
    <LabelName>حذف</LabelName>
    <LangID>2</LangID>
    <COUNTRYID>8</COUNTRYID>
    <LANGDISP>ar-KW</LANGDISP>
    <Active>TRUE</Active>
  </PageList>
  <PageList>
    <ID>43</ID>
    <LabelMstID>tblWebsiteDataEntry</LabelMstID>
    <FieldName>ActionBy</FieldName>
    <LabelID>lblActionBy1s</LabelID>
    <LabelName>WebsiteDataEntry</LabelName>
    <LangID>1</LangID>
    <COUNTRYID>8</COUNTRYID>
    <LANGDISP>en-US</LANGDISP>
    <Active>TRUE</Active>
  </PageList>
  <PageList>
    <ID>44</ID>
    <LabelMstID>tblWebsiteDataEntry</LabelMstID>
    <FieldName>ActionBy</FieldName>
    <LabelID>lblActionBy1s</LabelID>
    <LabelName>Actionby</LabelName>
    <LangID>3</LangID>
    <COUNTRYID>8</COUNTRYID>
    <LANGDISP>fr-FR</LANGDISP>
    <Active>TRUE</Active>
  </PageList>
  <PageList>
    <ID>45</ID>
    <LabelMstID>tblWebsiteDataEntry</LabelMstID>
    <FieldName>ActionBy</FieldName>
    <LabelID>lblActionBy2h</LabelID>
    <LabelName>أكتيونبي</LabelName>
    <LangID>2</LangID>
    <COUNTRYID>8</COUNTRYID>
    <LANGDISP>ar-KW</LANGDISP>
    <Active>TRUE</Active>
  </PageList>
  <PageList>
    <ID>46</ID>
    <LabelMstID>tblWebsiteDataEntry</LabelMstID>
    <FieldName>ActionRemarks</FieldName>
    <LabelID>lblActionRemarks1s</LabelID>
    <LabelName>Actionremarks</LabelName>
    <LangID>1</LangID>
    <COUNTRYID>8</COUNTRYID>
    <LANGDISP>en-US</LANGDISP>
    <Active>TRUE</Active>
  </PageList>
  <PageList>
    <ID>47</ID>
    <LabelMstID>tblWebsiteDataEntry</LabelMstID>
    <FieldName>ActionRemarks</FieldName>
    <LabelID>lblActionRemarks1s</LabelID>
    <LabelName>Actionremarks</LabelName>
    <LangID>3</LangID>
    <COUNTRYID>8</COUNTRYID>
    <LANGDISP>fr-FR</LANGDISP>
    <Active>TRUE</Active>
  </PageList>
  <PageList>
    <ID>48</ID>
    <LabelMstID>tblWebsiteDataEntry</LabelMstID>
    <FieldName>ActionRemarks</FieldName>
    <LabelID>lblActionRemarks2h</LabelID>
    <LabelName>أكتيونريماركس</LabelName>
    <LangID>2</LangID>
    <COUNTRYID>8</COUNTRYID>
    <LANGDISP>ar-KW</LANGDISP>
    <Active>TRUE</Active>
  </PageList>
  <PageList>
    <ID>49</ID>
    <LabelMstID>tblWebsiteDataEntry</LabelMstID>
    <FieldName>ActionDateTime</FieldName>
    <LabelID>lblActionDateTime1s</LabelID>
    <LabelName>WebsiteDataEntry</LabelName>
    <LangID>1</LangID>
    <COUNTRYID>8</COUNTRYID>
    <LANGDISP>en-US</LANGDISP>
    <Active>TRUE</Active>
  </PageList>
  <PageList>
    <ID>50</ID>
    <LabelMstID>tblWebsiteDataEntry</LabelMstID>
    <FieldName>ActionDateTime</FieldName>
    <LabelID>lblActionDateTime1s</LabelID>
    <LabelName>Actiondatetime</LabelName>
    <LangID>3</LangID>
    <COUNTRYID>8</COUNTRYID>
    <LANGDISP>fr-FR</LANGDISP>
    <Active>TRUE</Active>
  </PageList>
  <PageList>
    <ID>51</ID>
    <LabelMstID>tblWebsiteDataEntry</LabelMstID>
    <FieldName>ActionDateTime</FieldName>
    <LabelID>lblActionDateTime2h</LabelID>
    <LabelName>أكتيونداتيتيمي</LabelName>
    <LangID>2</LangID>
    <COUNTRYID>8</COUNTRYID>
    <LANGDISP>ar-KW</LANGDISP>
    <Active>TRUE</Active>
  </PageList>
  <PageList>
    <ID>52</ID>
    <LabelMstID>tblWebsiteDataEntry</LabelMstID>
    <FieldName>CreatedDateTime</FieldName>
    <LabelID>lblCreatedDateTime1s</LabelID>
    <LabelName>WebsiteDataEntry</LabelName>
    <LangID>1</LangID>
    <COUNTRYID>8</COUNTRYID>
    <LANGDISP>en-US</LANGDISP>
    <Active>TRUE</Active>
  </PageList>
  <PageList>
    <ID>53</ID>
    <LabelMstID>tblWebsiteDataEntry</LabelMstID>
    <FieldName>CreatedDateTime</FieldName>
    <LabelID>lblCreatedDateTime1s</LabelID>
    <LabelName>CreatedDateTime</LabelName>
    <LangID>3</LangID>
    <COUNTRYID>8</COUNTRYID>
    <LANGDISP>fr-FR</LANGDISP>
    <Active>TRUE</Active>
  </PageList>
  <PageList>
    <ID>54</ID>
    <LabelMstID>tblWebsiteDataEntry</LabelMstID>
    <FieldName>CreatedDateTime</FieldName>
    <LabelID>lblCreatedDateTime2h</LabelID>
    <LabelName>كريتيداتيتيمي</LabelName>
    <LangID>2</LangID>
    <COUNTRYID>8</COUNTRYID>
    <LANGDISP>ar-KW</LANGDISP>
    <Active>TRUE</Active>
  </PageList>
  <PageList>
    <ID>55</ID>
    <LabelMstID>tblWebsiteDataEntry</LabelMstID>
    <FieldName>NULL</FieldName>
    <LabelID>lblHeader1s</LabelID>
    <LabelName>WebsiteDataEntry</LabelName>
    <LangID>1</LangID>
    <COUNTRYID>8</COUNTRYID>
    <LANGDISP>en-US</LANGDISP>
    <Active>TRUE</Active>
  </PageList>
  <PageList>
    <ID>56</ID>
    <LabelMstID>tblWebsiteDataEntry</LabelMstID>
    <FieldName>NULL</FieldName>
    <LabelID>lblHeader1s</LabelID>
    <LabelName>tblWebsiteDataEntry</LabelName>
    <LangID>3</LangID>
    <COUNTRYID>8</COUNTRYID>
    <LANGDISP>fr-FR</LANGDISP>
    <Active>TRUE</Active>
  </PageList>
  <PageList>
    <ID>57</ID>
    <LabelMstID>tblWebsiteDataEntry</LabelMstID>
    <FieldName>NULL</FieldName>
    <LabelID>lblHeader2h</LabelID>
    <LabelName>تبلويبسيتيداتاينتري</LabelName>
    <LangID>2</LangID>
    <COUNTRYID>8</COUNTRYID>
    <LANGDISP>ar-KW</LANGDISP>
    <Active>TRUE</Active>
  </PageList>
</TBLLabelDTL>