<?xml version="1.0" standalone="yes"?>
<TBLLabelDTL>
<PageList><ID>1</ID><LabelMstID>Technology</LabelMstID><FieldName>ID</FieldName><LabelID>lblID1s</LabelID><LabelName>ID</LabelName><LangID>1</LangID><COUNTRYID>8</COUNTRYID><LANGDISP>en-US</LANGDISP><Active>TRUE</Active></PageList> 
<PageList><ID>2</ID><LabelMstID>Technology</LabelMstID><FieldName>ID</FieldName><LabelID>lblID1s</LabelID><LabelName>ID</LabelName><LangID>3</LangID><COUNTRYID>8</COUNTRYID><LANGDISP>fr-FR</LANGDISP><Active>TRUE</Active></PageList> 
<PageList><ID>3</ID><LabelMstID>Technology</LabelMstID><FieldName>ID</FieldName><LabelID>lblID2h</LabelID><LabelName>معرف</LabelName><LangID>2</LangID><COUNTRYID>8</COUNTRYID><LANGDISP>ar-KW</LANGDISP><Active>TRUE</Active></PageList> 
<PageList><ID>4</ID><LabelMstID>Technology</LabelMstID><FieldName>PageName</FieldName><LabelID>lblPageName1s</LabelID><LabelName>PageName</LabelName><LangID>1</LangID><COUNTRYID>8</COUNTRYID><LANGDISP>en-US</LANGDISP><Active>TRUE</Active></PageList> 
<PageList><ID>5</ID><LabelMstID>Technology</LabelMstID><FieldName>PageName</FieldName><LabelID>lblPageName1s</LabelID><LabelName>Nom de la page</LabelName><LangID>3</LangID><COUNTRYID>8</COUNTRYID><LANGDISP>fr-FR</LANGDISP><Active>TRUE</Active></PageList> 
<PageList><ID>6</ID><LabelMstID>Technology</LabelMstID><FieldName>PageName</FieldName><LabelID>lblPageName2h</LabelID><LabelName>باجينامي</LabelName><LangID>2</LangID><COUNTRYID>8</COUNTRYID><LANGDISP>ar-KW</LANGDISP><Active>TRUE</Active></PageList> 
<PageList><ID>7</ID><LabelMstID>Technology</LabelMstID><FieldName>PageTitle</FieldName><LabelID>lblPageTitle1s</LabelID><LabelName>PageTitle</LabelName><LangID>1</LangID><COUNTRYID>8</COUNTRYID><LANGDISP>en-US</LANGDISP><Active>TRUE</Active></PageList> 
<PageList><ID>8</ID><LabelMstID>Technology</LabelMstID><FieldName>PageTitle</FieldName><LabelID>lblPageTitle1s</LabelID><LabelName>PageTitle</LabelName><LangID>3</LangID><COUNTRYID>8</COUNTRYID><LANGDISP>fr-FR</LANGDISP><Active>TRUE</Active></PageList> 
<PageList><ID>9</ID><LabelMstID>Technology</LabelMstID><FieldName>PageTitle</FieldName><LabelID>lblPageTitle2h</LabelID><LabelName>باجيتيتلي</LabelName><LangID>2</LangID><COUNTRYID>8</COUNTRYID><LANGDISP>ar-KW</LANGDISP><Active>TRUE</Active></PageList> 
<PageList><ID>10</ID><LabelMstID>Technology</LabelMstID><FieldName>MetaDescription</FieldName><LabelID>lblMetaDescription1s</LabelID><LabelName>MetaDescription</LabelName><LangID>1</LangID><COUNTRYID>8</COUNTRYID><LANGDISP>en-US</LANGDISP><Active>TRUE</Active></PageList> 
<PageList><ID>11</ID><LabelMstID>Technology</LabelMstID><FieldName>MetaDescription</FieldName><LabelID>lblMetaDescription1s</LabelID><LabelName>MetaDescription</LabelName><LangID>3</LangID><COUNTRYID>8</COUNTRYID><LANGDISP>fr-FR</LANGDISP><Active>TRUE</Active></PageList> 
<PageList><ID>12</ID><LabelMstID>Technology</LabelMstID><FieldName>MetaDescription</FieldName><LabelID>lblMetaDescription2h</LabelID><LabelName>ميتاديسكريبتيون</LabelName><LangID>2</LangID><COUNTRYID>8</COUNTRYID><LANGDISP>ar-KW</LANGDISP><Active>TRUE</Active></PageList> 
<PageList><ID>13</ID><LabelMstID>Technology</LabelMstID><FieldName>MetaKeyword</FieldName><LabelID>lblMetaKeyword1s</LabelID><LabelName>MetaKeyword</LabelName><LangID>1</LangID><COUNTRYID>8</COUNTRYID><LANGDISP>en-US</LANGDISP><Active>TRUE</Active></PageList> 
<PageList><ID>14</ID><LabelMstID>Technology</LabelMstID><FieldName>MetaKeyword</FieldName><LabelID>lblMetaKeyword1s</LabelID><LabelName>MetaKeyword</LabelName><LangID>3</LangID><COUNTRYID>8</COUNTRYID><LANGDISP>fr-FR</LANGDISP><Active>TRUE</Active></PageList> 
<PageList><ID>15</ID><LabelMstID>Technology</LabelMstID><FieldName>MetaKeyword</FieldName><LabelID>lblMetaKeyword2h</LabelID><LabelName>ميتاكييوورد</LabelName><LangID>2</LangID><COUNTRYID>8</COUNTRYID><LANGDISP>ar-KW</LANGDISP><Active>TRUE</Active></PageList> 
<PageList><ID>16</ID><LabelMstID>Technology</LabelMstID><FieldName>PageContent</FieldName><LabelID>lblPageContent1s</LabelID><LabelName>PageContent</LabelName><LangID>1</LangID><COUNTRYID>8</COUNTRYID><LANGDISP>en-US</LANGDISP><Active>TRUE</Active></PageList> 
<PageList><ID>17</ID><LabelMstID>Technology</LabelMstID><FieldName>PageContent</FieldName><LabelID>lblPageContent1s</LabelID><LabelName>PageContent</LabelName><LangID>3</LangID><COUNTRYID>8</COUNTRYID><LANGDISP>fr-FR</LANGDISP><Active>TRUE</Active></PageList> 
<PageList><ID>18</ID><LabelMstID>Technology</LabelMstID><FieldName>PageContent</FieldName><LabelID>lblPageContent2h</LabelID><LabelName>باجيكونتينت</LabelName><LangID>2</LangID><COUNTRYID>8</COUNTRYID><LANGDISP>ar-KW</LANGDISP><Active>TRUE</Active></PageList> 
<PageList><ID>19</ID><LabelMstID>Technology</LabelMstID><FieldName>Image</FieldName><LabelID>lblImage1s</LabelID><LabelName>Image</LabelName><LangID>1</LangID><COUNTRYID>8</COUNTRYID><LANGDISP>en-US</LANGDISP><Active>TRUE</Active></PageList> 
<PageList><ID>20</ID><LabelMstID>Technology</LabelMstID><FieldName>Image</FieldName><LabelID>lblImage1s</LabelID><LabelName>Image</LabelName><LangID>3</LangID><COUNTRYID>8</COUNTRYID><LANGDISP>fr-FR</LANGDISP><Active>TRUE</Active></PageList> 
<PageList><ID>21</ID><LabelMstID>Technology</LabelMstID><FieldName>Image</FieldName><LabelID>lblImage2h</LabelID><LabelName>الصورة</LabelName><LangID>2</LangID><COUNTRYID>8</COUNTRYID><LANGDISP>ar-KW</LANGDISP><Active>TRUE</Active></PageList> 
<PageList><ID>22</ID><LabelMstID>Technology</LabelMstID><FieldName>Actived</FieldName><LabelID>lblActived1s</LabelID><LabelName>Actived</LabelName><LangID>1</LangID><COUNTRYID>8</COUNTRYID><LANGDISP>en-US</LANGDISP><Active>TRUE</Active></PageList> 
<PageList><ID>23</ID><LabelMstID>Technology</LabelMstID><FieldName>Actived</FieldName><LabelID>lblActived1s</LabelID><LabelName>Actived</LabelName><LangID>3</LangID><COUNTRYID>8</COUNTRYID><LANGDISP>fr-FR</LANGDISP><Active>TRUE</Active></PageList> 
<PageList><ID>24</ID><LabelMstID>Technology</LabelMstID><FieldName>Actived</FieldName><LabelID>lblActived2h</LabelID><LabelName>Actived</LabelName><LangID>2</LangID><COUNTRYID>8</COUNTRYID><LANGDISP>ar-KW</LANGDISP><Active>TRUE</Active></PageList> 
<PageList><ID>25</ID><LabelMstID>Technology</LabelMstID><FieldName>Deleted</FieldName><LabelID>lblDeleted1s</LabelID><LabelName>Deleted</LabelName><LangID>1</LangID><COUNTRYID>8</COUNTRYID><LANGDISP>en-US</LANGDISP><Active>TRUE</Active></PageList> 
<PageList><ID>26</ID><LabelMstID>Technology</LabelMstID><FieldName>Deleted</FieldName><LabelID>lblDeleted1s</LabelID><LabelName>Supprimé</LabelName><LangID>3</LangID><COUNTRYID>8</COUNTRYID><LANGDISP>fr-FR</LANGDISP><Active>TRUE</Active></PageList> 
<PageList><ID>27</ID><LabelMstID>Technology</LabelMstID><FieldName>Deleted</FieldName><LabelID>lblDeleted2h</LabelID><LabelName>حذف</LabelName><LangID>2</LangID><COUNTRYID>8</COUNTRYID><LANGDISP>ar-KW</LANGDISP><Active>TRUE</Active></PageList> 
<PageList><ID>28</ID><LabelMstID>Technology</LabelMstID><FieldName>CreatedDate</FieldName><LabelID>lblCreatedDate1s</LabelID><LabelName>CreatedDate</LabelName><LangID>1</LangID><COUNTRYID>8</COUNTRYID><LANGDISP>en-US</LANGDISP><Active>TRUE</Active></PageList> 
<PageList><ID>29</ID><LabelMstID>Technology</LabelMstID><FieldName>CreatedDate</FieldName><LabelID>lblCreatedDate1s</LabelID><LabelName>CreatedDate</LabelName><LangID>3</LangID><COUNTRYID>8</COUNTRYID><LANGDISP>fr-FR</LANGDISP><Active>TRUE</Active></PageList> 
<PageList><ID>30</ID><LabelMstID>Technology</LabelMstID><FieldName>CreatedDate</FieldName><LabelID>lblCreatedDate2h</LabelID><LabelName>كريتيداتي</LabelName><LangID>2</LangID><COUNTRYID>8</COUNTRYID><LANGDISP>ar-KW</LANGDISP><Active>TRUE</Active></PageList> 
<PageList><ID>31</ID><LabelMstID>Technology</LabelMstID><FieldName>CreatedBy</FieldName><LabelID>lblCreatedBy1s</LabelID><LabelName>CreatedBy</LabelName><LangID>1</LangID><COUNTRYID>8</COUNTRYID><LANGDISP>en-US</LANGDISP><Active>TRUE</Active></PageList> 
<PageList><ID>32</ID><LabelMstID>Technology</LabelMstID><FieldName>CreatedBy</FieldName><LabelID>lblCreatedBy1s</LabelID><LabelName>CreatedBy</LabelName><LangID>3</LangID><COUNTRYID>8</COUNTRYID><LANGDISP>fr-FR</LANGDISP><Active>TRUE</Active></PageList> 
<PageList><ID>33</ID><LabelMstID>Technology</LabelMstID><FieldName>CreatedBy</FieldName><LabelID>lblCreatedBy2h</LabelID><LabelName>CreatedBy</LabelName><LangID>2</LangID><COUNTRYID>8</COUNTRYID><LANGDISP>ar-KW</LANGDISP><Active>TRUE</Active></PageList> 
<PageList><ID>34</ID><LabelMstID>Technology</LabelMstID><FieldName>NULL</FieldName><LabelID>lblHeader1s</LabelID><LabelName>Technology</LabelName><LangID>1</LangID><COUNTRYID>8</COUNTRYID><LANGDISP>en-US</LANGDISP><Active>TRUE</Active></PageList> 
<PageList><ID>35</ID><LabelMstID>Technology</LabelMstID><FieldName>NULL</FieldName><LabelID>lblHeader1s</LabelID><LabelName>Technology</LabelName><LangID>3</LangID><COUNTRYID>8</COUNTRYID><LANGDISP>fr-FR</LANGDISP><Active>TRUE</Active></PageList> 
<PageList><ID>36</ID><LabelMstID>Technology</LabelMstID><FieldName>NULL</FieldName><LabelID>lblHeader2h</LabelID><LabelName>التكنولوجيا</LabelName><LangID>2</LangID><COUNTRYID>8</COUNTRYID><LANGDISP>ar-KW</LANGDISP><Active>TRUE</Active></PageList> 

</TBLLabelDTL>